date,plant_id,sku_id,model_id,forecast_sales_units,predicted_closing_stock_units,predicted_days_of_coverage,stockout_probability
2026-01-16,MX-GDL,SKU-danone-bebible-de-fresa-deslactosado,baseline_moving_avg_14d,2744,41203,15.02,0.05
2026-01-17,MX-GDL,SKU-danone-bebible-de-fresa-deslactosado,baseline_moving_avg_14d,2744,40929,14.92,0.05
2026-01-18,MX-GDL,SKU-danone-bebible-de-fresa-deslactosado,baseline_moving_avg_14d,2744,40655,14.82,0.05
2026-01-19,MX-GDL,SKU-danone-bebible-de-fresa-deslactosado,baseline_moving_avg_14d,2744,40381,14.72,0.05
2026-01-20,MX-GDL,SKU-danone-bebible-de-fresa-deslactosado,baseline_moving_avg_14d,2744,40107,14.62,0.05
2026-01-21,MX-GDL,SKU-danone-bebible-de-fresa-deslactosado,baseline_moving_avg_14d,2744,39833,14.52,0.05
2026-01-22,MX-GDL,SKU-danone-bebible-de-fresa-deslactosado,baseline_moving_avg_14d,2744,39559,14.42,0.05
2026-01-16,MX-GDL,SKU-danone-bebible-de-frutos-verdes-deslacto,baseline_moving_avg_14d,2568,19139,7.45,0.05
2026-01-17,MX-GDL,SKU-danone-bebible-de-frutos-verdes-deslacto,baseline_moving_avg_14d,2568,18882,7.35,0.05
2026-01-18,MX-GDL,SKU-danone-bebible-de-frutos-verdes-deslacto,baseline_moving_avg_14d,2568,18625,7.25,0.05
2026-01-19,MX-GDL,SKU-danone-bebible-de-frutos-verdes-deslacto,baseline_moving_avg_14d,2568,18368,7.15,0.05
2026-01-20,MX-GDL,SKU-danone-bebible-de-frutos-verdes-deslacto,baseline_moving_avg_14d,2568,18111,7.05,0.05
2026-01-21,MX-GDL,SKU-danone-bebible-de-frutos-verdes-deslacto,baseline_moving_avg_14d,2568,17854,6.95,0.05
2026-01-22,MX-GDL,SKU-danone-bebible-de-frutos-verdes-deslacto,baseline_moving_avg_14d,2568,17597,6.85,0.05
2026-01-16,MX-GDL,SKU-danone-bebible-de-mango-y-durazno-deslac,baseline_moving_avg_14d,11992,117299,9.78,0.05
2026-01-17,MX-GDL,SKU-danone-bebible-de-mango-y-durazno-deslac,baseline_moving_avg_14d,11992,116100,9.68,0.05
2026-01-18,MX-GDL,SKU-danone-bebible-de-mango-y-durazno-deslac,baseline_moving_avg_14d,11992,114901,9.58,0.05
2026-01-19,MX-GDL,SKU-danone-bebible-de-mango-y-durazno-deslac,baseline_moving_avg_14d,11992,113702,9.48,0.05
2026-01-20,MX-GDL,SKU-danone-bebible-de-mango-y-durazno-deslac,baseline_moving_avg_14d,11992,112503,9.38,0.05
2026-01-21,MX-GDL,SKU-danone-bebible-de-mango-y-durazno-deslac,baseline_moving_avg_14d,11992,111304,9.28,0.05
2026-01-22,MX-GDL,SKU-danone-bebible-de-mango-y-durazno-deslac,baseline_moving_avg_14d,11992,110105,9.18,0.05
2026-01-16,MX-GDL,SKU-danone-bebible-natural-deslactosado,baseline_moving_avg_14d,7103,59095,8.32,0.05
2026-01-17,MX-GDL,SKU-danone-bebible-natural-deslactosado,baseline_moving_avg_14d,7103,58385,8.22,0.05
2026-01-18,MX-GDL,SKU-danone-bebible-natural-deslactosado,baseline_moving_avg_14d,7103,57675,8.12,0.05
2026-01-19,MX-GDL,SKU-danone-bebible-natural-deslactosado,baseline_moving_avg_14d,7103,56965,8.02,0.05
2026-01-20,MX-GDL,SKU-danone-bebible-natural-deslactosado,baseline_moving_avg_14d,7103,56255,7.92,0.05
2026-01-21,MX-GDL,SKU-danone-bebible-natural-deslactosado,baseline_moving_avg_14d,7103,55545,7.82,0.05
2026-01-22,MX-GDL,SKU-danone-bebible-natural-deslactosado,baseline_moving_avg_14d,7103,54835,7.72,0.05
2026-01-16,MX-GDL,SKU-danone-familiar-coco-y-nuez-con-cereal,baseline_moving_avg_14d,3446,37984,11.02,0.05
2026-01-17,MX-GDL,SKU-danone-familiar-coco-y-nuez-con-cereal,baseline_moving_avg_14d,3446,37639,10.92,0.05
2026-01-18,MX-GDL,SKU-danone-familiar-coco-y-nuez-con-cereal,baseline_moving_avg_14d,3446,37294,10.82,0.05
2026-01-19,MX-GDL,SKU-danone-familiar-coco-y-nuez-con-cereal,baseline_moving_avg_14d,3446,36949,10.72,0.05
2026-01-20,MX-GDL,SKU-danone-familiar-coco-y-nuez-con-cereal,baseline_moving_avg_14d,3446,36604,10.62,0.05
2026-01-21,MX-GDL,SKU-danone-familiar-coco-y-nuez-con-cereal,baseline_moving_avg_14d,3446,36259,10.52,0.05
2026-01-22,MX-GDL,SKU-danone-familiar-coco-y-nuez-con-cereal,baseline_moving_avg_14d,3446,35914,10.42,0.05
2026-01-16,MX-GDL,SKU-danone-familiar-con-trozos-de-durazno,baseline_moving_avg_14d,15696,136754,8.71,0.05
2026-01-17,MX-GDL,SKU-danone-familiar-con-trozos-de-durazno,baseline_moving_avg_14d,15696,135184,8.61,0.05
2026-01-18,MX-GDL,SKU-danone-familiar-con-trozos-de-durazno,baseline_moving_avg_14d,15696,133614,8.51,0.05
2026-01-19,MX-GDL,SKU-danone-familiar-con-trozos-de-durazno,baseline_moving_avg_14d,15696,132044,8.41,0.05
2026-01-20,MX-GDL,SKU-danone-familiar-con-trozos-de-durazno,baseline_moving_avg_14d,15696,130474,8.31,0.05
2026-01-21,MX-GDL,SKU-danone-familiar-con-trozos-de-durazno,baseline_moving_avg_14d,15696,128904,8.21,0.05
2026-01-22,MX-GDL,SKU-danone-familiar-con-trozos-de-durazno,baseline_moving_avg_14d,15696,127334,8.11,0.05
2026-01-16,MX-GDL,SKU-danone-familiar-con-trozos-de-fresa-y-mo,baseline_moving_avg_14d,3096,40218,12.99,0.05
2026-01-17,MX-GDL,SKU-danone-familiar-con-trozos-de-fresa-y-mo,baseline_moving_avg_14d,3096,39908,12.89,0.05
2026-01-18,MX-GDL,SKU-danone-familiar-con-trozos-de-fresa-y-mo,baseline_moving_avg_14d,3096,39598,12.79,0.05
2026-01-19,MX-GDL,SKU-danone-familiar-con-trozos-de-fresa-y-mo,baseline_moving_avg_14d,3096,39288,12.69,0.05
2026-01-20,MX-GDL,SKU-danone-familiar-con-trozos-de-fresa-y-mo,baseline_moving_avg_14d,3096,38978,12.59,0.05
2026-01-21,MX-GDL,SKU-danone-familiar-con-trozos-de-fresa-y-mo,baseline_moving_avg_14d,3096,38668,12.49,0.05
2026-01-22,MX-GDL,SKU-danone-familiar-con-trozos-de-fresa-y-mo,baseline_moving_avg_14d,3096,38358,12.39,0.05
2026-01-16,MX-GDL,SKU-danone-familiar-con-trozos-de-mango,baseline_moving_avg_14d,1453,16843,11.59,0.05
2026-01-17,MX-GDL,SKU-danone-familiar-con-trozos-de-mango,baseline_moving_avg_14d,1453,16698,11.49,0.05
2026-01-18,MX-GDL,SKU-danone-familiar-con-trozos-de-mango,baseline_moving_avg_14d,1453,16553,11.39,0.05
2026-01-19,MX-GDL,SKU-danone-familiar-con-trozos-de-mango,baseline_moving_avg_14d,1453,16408,11.29,0.05
2026-01-20,MX-GDL,SKU-danone-familiar-con-trozos-de-mango,baseline_moving_avg_14d,1453,16263,11.19,0.05
2026-01-21,MX-GDL,SKU-danone-familiar-con-trozos-de-mango,baseline_moving_avg_14d,1453,16118,11.09,0.05
2026-01-22,MX-GDL,SKU-danone-familiar-con-trozos-de-mango,baseline_moving_avg_14d,1453,15973,10.99,0.05
2026-01-16,MX-GDL,SKU-danone-familiar-con-trozos-de-manzana,baseline_moving_avg_14d,6730,38985,5.79,0.05
2026-01-17,MX-GDL,SKU-danone-familiar-con-trozos-de-manzana,baseline_moving_avg_14d,6730,38312,5.69,0.05
2026-01-18,MX-GDL,SKU-danone-familiar-con-trozos-de-manzana,baseline_moving_avg_14d,6730,37639,5.59,0.05
2026-01-19,MX-GDL,SKU-danone-familiar-con-trozos-de-manzana,baseline_moving_avg_14d,6730,36966,5.49,0.05
2026-01-20,MX-GDL,SKU-danone-familiar-con-trozos-de-manzana,baseline_moving_avg_14d,6730,36293,5.39,0.05
2026-01-21,MX-GDL,SKU-danone-familiar-con-trozos-de-manzana,baseline_moving_avg_14d,6730,35620,5.29,0.05
2026-01-22,MX-GDL,SKU-danone-familiar-con-trozos-de-manzana,baseline_moving_avg_14d,6730,34947,5.19,0.05
2026-01-16,MX-GDL,SKU-danone-familiar-con-trozos-de-pina-y-coc,baseline_moving_avg_14d,3401,33735,9.92,0.05
2026-01-17,MX-GDL,SKU-danone-familiar-con-trozos-de-pina-y-coc,baseline_moving_avg_14d,3401,33395,9.82,0.05
2026-01-18,MX-GDL,SKU-danone-familiar-con-trozos-de-pina-y-coc,baseline_moving_avg_14d,3401,33055,9.72,0.05
2026-01-19,MX-GDL,SKU-danone-familiar-con-trozos-de-pina-y-coc,baseline_moving_avg_14d,3401,32715,9.62,0.05
2026-01-20,MX-GDL,SKU-danone-familiar-con-trozos-de-pina-y-coc,baseline_moving_avg_14d,3401,32375,9.52,0.05
2026-01-21,MX-GDL,SKU-danone-familiar-con-trozos-de-pina-y-coc,baseline_moving_avg_14d,3401,32035,9.42,0.05
2026-01-22,MX-GDL,SKU-danone-familiar-con-trozos-de-pina-y-coc,baseline_moving_avg_14d,3401,31695,9.32,0.05
2026-01-16,MX-GDL,SKU-danone-familiar-miel-y-granola,baseline_moving_avg_14d,2794,8890,3.18,0.36
2026-01-17,MX-GDL,SKU-danone-familiar-miel-y-granola,baseline_moving_avg_14d,2794,8611,3.08,0.38
2026-01-18,MX-GDL,SKU-danone-familiar-miel-y-granola,baseline_moving_avg_14d,2794,8332,2.98,0.4
2026-01-19,MX-GDL,SKU-danone-familiar-miel-y-granola,baseline_moving_avg_14d,2794,8053,2.88,0.42
2026-01-20,MX-GDL,SKU-danone-familiar-miel-y-granola,baseline_moving_avg_14d,2794,7774,2.78,0.44
2026-01-21,MX-GDL,SKU-danone-familiar-miel-y-granola,baseline_moving_avg_14d,2794,7495,2.68,0.46
2026-01-22,MX-GDL,SKU-danone-familiar-miel-y-granola,baseline_moving_avg_14d,2794,7216,2.58,0.48
2026-01-16,MX-GDL,SKU-danone-familiar-sabor-durazno-sin-trozos,baseline_moving_avg_14d,5174,14033,2.71,0.46
2026-01-17,MX-GDL,SKU-danone-familiar-sabor-durazno-sin-trozos,baseline_moving_avg_14d,5174,13516,2.61,0.48
2026-01-18,MX-GDL,SKU-danone-familiar-sabor-durazno-sin-trozos,baseline_moving_avg_14d,5174,12999,2.51,0.5
2026-01-19,MX-GDL,SKU-danone-familiar-sabor-durazno-sin-trozos,baseline_moving_avg_14d,5174,12482,2.41,0.52
2026-01-20,MX-GDL,SKU-danone-familiar-sabor-durazno-sin-trozos,baseline_moving_avg_14d,5174,11965,2.31,0.54
2026-01-21,MX-GDL,SKU-danone-familiar-sabor-durazno-sin-trozos,baseline_moving_avg_14d,5174,11448,2.21,0.56
2026-01-22,MX-GDL,SKU-danone-familiar-sabor-durazno-sin-trozos,baseline_moving_avg_14d,5174,10931,2.11,0.58
2026-01-16,MX-GDL,SKU-danone-familiar-sabor-fresa-sin-trozos,baseline_moving_avg_14d,9085,23838,2.62,0.48
2026-01-17,MX-GDL,SKU-danone-familiar-sabor-fresa-sin-trozos,baseline_moving_avg_14d,9085,22929,2.52,0.5
2026-01-18,MX-GDL,SKU-danone-familiar-sabor-fresa-sin-trozos,baseline_moving_avg_14d,9085,22020,2.42,0.52
2026-01-19,MX-GDL,SKU-danone-familiar-sabor-fresa-sin-trozos,baseline_moving_avg_14d,9085,21111,2.32,0.54
2026-01-20,MX-GDL,SKU-danone-familiar-sabor-fresa-sin-trozos,baseline_moving_avg_14d,9085,20202,2.22,0.56
2026-01-21,MX-GDL,SKU-danone-familiar-sabor-fresa-sin-trozos,baseline_moving_avg_14d,9085,19293,2.12,0.58
2026-01-22,MX-GDL,SKU-danone-familiar-sabor-fresa-sin-trozos,baseline_moving_avg_14d,9085,18384,2.02,0.6
2026-01-16,MX-GDL,SKU-danone-familiar-sabor-manzana-sin-trozos,baseline_moving_avg_14d,6958,108036,15.53,0.05
2026-01-17,MX-GDL,SKU-danone-familiar-sabor-manzana-sin-trozos,baseline_moving_avg_14d,6958,107340,15.43,0.05
2026-01-18,MX-GDL,SKU-danone-familiar-sabor-manzana-sin-trozos,baseline_moving_avg_14d,6958,106644,15.33,0.05
2026-01-19,MX-GDL,SKU-danone-familiar-sabor-manzana-sin-trozos,baseline_moving_avg_14d,6958,105948,15.23,0.05
2026-01-20,MX-GDL,SKU-danone-familiar-sabor-manzana-sin-trozos,baseline_moving_avg_14d,6958,105252,15.13,0.05
2026-01-21,MX-GDL,SKU-danone-familiar-sabor-manzana-sin-trozos,baseline_moving_avg_14d,6958,104556,15.03,0.05
2026-01-22,MX-GDL,SKU-danone-familiar-sabor-manzana-sin-trozos,baseline_moving_avg_14d,6958,103860,14.93,0.05
2026-01-16,MX-GDL,SKU-danone-griego-endulzado,baseline_moving_avg_14d,8892,46580,5.24,0.05
2026-01-17,MX-GDL,SKU-danone-griego-endulzado,baseline_moving_avg_14d,8892,45691,5.14,0.05
2026-01-18,MX-GDL,SKU-danone-griego-endulzado,baseline_moving_avg_14d,8892,44802,5.04,0.05
2026-01-19,MX-GDL,SKU-danone-griego-endulzado,baseline_moving_avg_14d,8892,43913,4.94,0.05
2026-01-20,MX-GDL,SKU-danone-griego-endulzado,baseline_moving_avg_14d,8892,43024,4.84,0.05
2026-01-21,MX-GDL,SKU-danone-griego-endulzado,baseline_moving_avg_14d,8892,42135,4.74,0.05
2026-01-22,MX-GDL,SKU-danone-griego-endulzado,baseline_moving_avg_14d,8892,41246,4.64,0.07
2026-01-16,MX-GDL,SKU-danone-griego-sin-azucar,baseline_moving_avg_14d,12119,44342,3.66,0.27
2026-01-17,MX-GDL,SKU-danone-griego-sin-azucar,baseline_moving_avg_14d,12119,43130,3.56,0.29
2026-01-18,MX-GDL,SKU-danone-griego-sin-azucar,baseline_moving_avg_14d,12119,41918,3.46,0.31
2026-01-19,MX-GDL,SKU-danone-griego-sin-azucar,baseline_moving_avg_14d,12119,40706,3.36,0.33
2026-01-20,MX-GDL,SKU-danone-griego-sin-azucar,baseline_moving_avg_14d,12119,39494,3.26,0.35
2026-01-21,MX-GDL,SKU-danone-griego-sin-azucar,baseline_moving_avg_14d,12119,38282,3.16,0.37
2026-01-22,MX-GDL,SKU-danone-griego-sin-azucar,baseline_moving_avg_14d,12119,37070,3.06,0.39
2026-01-16,MX-GDL,SKU-danone-natural-con-fermentos,baseline_moving_avg_14d,5451,73409,13.47,0.05
2026-01-17,MX-GDL,SKU-danone-natural-con-fermentos,baseline_moving_avg_14d,5451,72864,13.37,0.05
2026-01-18,MX-GDL,SKU-danone-natural-con-fermentos,baseline_moving_avg_14d,5451,72319,13.27,0.05
2026-01-19,MX-GDL,SKU-danone-natural-con-fermentos,baseline_moving_avg_14d,5451,71774,13.17,0.05
2026-01-20,MX-GDL,SKU-danone-natural-con-fermentos,baseline_moving_avg_14d,5451,71229,13.07,0.05
2026-01-21,MX-GDL,SKU-danone-natural-con-fermentos,baseline_moving_avg_14d,5451,70684,12.97,0.05
2026-01-22,MX-GDL,SKU-danone-natural-con-fermentos,baseline_moving_avg_14d,5451,70139,12.87,0.05
2026-01-16,MX-GDL,SKU-danone-natural-con-miel,baseline_moving_avg_14d,6611,85877,12.99,0.05
2026-01-17,MX-GDL,SKU-danone-natural-con-miel,baseline_moving_avg_14d,6611,85216,12.89,0.05
2026-01-18,MX-GDL,SKU-danone-natural-con-miel,baseline_moving_avg_14d,6611,84555,12.79,0.05
2026-01-19,MX-GDL,SKU-danone-natural-con-miel,baseline_moving_avg_14d,6611,83894,12.69,0.05
2026-01-20,MX-GDL,SKU-danone-natural-con-miel,baseline_moving_avg_14d,6611,83233,12.59,0.05
2026-01-21,MX-GDL,SKU-danone-natural-con-miel,baseline_moving_avg_14d,6611,82572,12.49,0.05
2026-01-22,MX-GDL,SKU-danone-natural-con-miel,baseline_moving_avg_14d,6611,81911,12.39,0.05
2026-01-16,MX-GDL,SKU-danone-natural-familiar-sin-azucar,baseline_moving_avg_14d,11168,177236,15.87,0.05
2026-01-17,MX-GDL,SKU-danone-natural-familiar-sin-azucar,baseline_moving_avg_14d,11168,176119,15.77,0.05
2026-01-18,MX-GDL,SKU-danone-natural-familiar-sin-azucar,baseline_moving_avg_14d,11168,175002,15.67,0.05
2026-01-19,MX-GDL,SKU-danone-natural-familiar-sin-azucar,baseline_moving_avg_14d,11168,173885,15.57,0.05
2026-01-20,MX-GDL,SKU-danone-natural-familiar-sin-azucar,baseline_moving_avg_14d,11168,172768,15.47,0.05
2026-01-21,MX-GDL,SKU-danone-natural-familiar-sin-azucar,baseline_moving_avg_14d,11168,171651,15.37,0.05
2026-01-22,MX-GDL,SKU-danone-natural-familiar-sin-azucar,baseline_moving_avg_14d,11168,170534,15.27,0.05
2026-01-16,MX-GDL,SKU-licuado-de-fresa-y-platano-con-cereales,baseline_moving_avg_14d,5956,54113,9.09,0.05
2026-01-17,MX-GDL,SKU-licuado-de-fresa-y-platano-con-cereales,baseline_moving_avg_14d,5956,53517,8.99,0.05
2026-01-18,MX-GDL,SKU-licuado-de-fresa-y-platano-con-cereales,baseline_moving_avg_14d,5956,52921,8.89,0.05
2026-01-19,MX-GDL,SKU-licuado-de-fresa-y-platano-con-cereales,baseline_moving_avg_14d,5956,52325,8.79,0.05
2026-01-20,MX-GDL,SKU-licuado-de-fresa-y-platano-con-cereales,baseline_moving_avg_14d,5956,51729,8.69,0.05
2026-01-21,MX-GDL,SKU-licuado-de-fresa-y-platano-con-cereales,baseline_moving_avg_14d,5956,51133,8.59,0.05
2026-01-22,MX-GDL,SKU-licuado-de-fresa-y-platano-con-cereales,baseline_moving_avg_14d,5956,50537,8.49,0.05
2026-01-16,MX-GDL,SKU-licuado-de-nuez-con-cereales,baseline_moving_avg_14d,7627,66732,8.75,0.05
2026-01-17,MX-GDL,SKU-licuado-de-nuez-con-cereales,baseline_moving_avg_14d,7627,65969,8.65,0.05
2026-01-18,MX-GDL,SKU-licuado-de-nuez-con-cereales,baseline_moving_avg_14d,7627,65206,8.55,0.05
2026-01-19,MX-GDL,SKU-licuado-de-nuez-con-cereales,baseline_moving_avg_14d,7627,64443,8.45,0.05
2026-01-20,MX-GDL,SKU-licuado-de-nuez-con-cereales,baseline_moving_avg_14d,7627,63680,8.35,0.05
2026-01-21,MX-GDL,SKU-licuado-de-nuez-con-cereales,baseline_moving_avg_14d,7627,62917,8.25,0.05
2026-01-22,MX-GDL,SKU-licuado-de-nuez-con-cereales,baseline_moving_avg_14d,7627,62154,8.15,0.05
2026-01-16,MX-GDL,SKU-yoghurt-con-cereal-de-fresa-con-azucarad,baseline_moving_avg_14d,9952,61085,6.14,0.05
2026-01-17,MX-GDL,SKU-yoghurt-con-cereal-de-fresa-con-azucarad,baseline_moving_avg_14d,9952,60090,6.04,0.05
2026-01-18,MX-GDL,SKU-yoghurt-con-cereal-de-fresa-con-azucarad,baseline_moving_avg_14d,9952,59095,5.94,0.05
2026-01-19,MX-GDL,SKU-yoghurt-con-cereal-de-fresa-con-azucarad,baseline_moving_avg_14d,9952,58100,5.84,0.05
2026-01-20,MX-GDL,SKU-yoghurt-con-cereal-de-fresa-con-azucarad,baseline_moving_avg_14d,9952,57105,5.74,0.05
2026-01-21,MX-GDL,SKU-yoghurt-con-cereal-de-fresa-con-azucarad,baseline_moving_avg_14d,9952,56110,5.64,0.05
2026-01-22,MX-GDL,SKU-yoghurt-con-cereal-de-fresa-con-azucarad,baseline_moving_avg_14d,9952,55115,5.54,0.05
2026-01-16,MX-GDL,SKU-yoghurt-con-cereal-de-fresa-con-chocoarr,baseline_moving_avg_14d,5243,15848,3.02,0.4
2026-01-17,MX-GDL,SKU-yoghurt-con-cereal-de-fresa-con-chocoarr,baseline_moving_avg_14d,5243,15324,2.92,0.42
2026-01-18,MX-GDL,SKU-yoghurt-con-cereal-de-fresa-con-chocoarr,baseline_moving_avg_14d,5243,14800,2.82,0.44
2026-01-19,MX-GDL,SKU-yoghurt-con-cereal-de-fresa-con-chocoarr,baseline_moving_avg_14d,5243,14276,2.72,0.46
2026-01-20,MX-GDL,SKU-yoghurt-con-cereal-de-fresa-con-chocoarr,baseline_moving_avg_14d,5243,13752,2.62,0.48
2026-01-21,MX-GDL,SKU-yoghurt-con-cereal-de-fresa-con-chocoarr,baseline_moving_avg_14d,5243,13228,2.52,0.5
2026-01-22,MX-GDL,SKU-yoghurt-con-cereal-de-fresa-con-chocoarr,baseline_moving_avg_14d,5243,12704,2.42,0.52
2026-01-16,MX-GDL,SKU-yoghurt-con-cereal-de-manzana-con-frutia,baseline_moving_avg_14d,4811,30987,6.44,0.05
2026-01-17,MX-GDL,SKU-yoghurt-con-cereal-de-manzana-con-frutia,baseline_moving_avg_14d,4811,30506,6.34,0.05
2026-01-18,MX-GDL,SKU-yoghurt-con-cereal-de-manzana-con-frutia,baseline_moving_avg_14d,4811,30025,6.24,0.05
2026-01-19,MX-GDL,SKU-yoghurt-con-cereal-de-manzana-con-frutia,baseline_moving_avg_14d,4811,29544,6.14,0.05
2026-01-20,MX-GDL,SKU-yoghurt-con-cereal-de-manzana-con-frutia,baseline_moving_avg_14d,4811,29063,6.04,0.05
2026-01-21,MX-GDL,SKU-yoghurt-con-cereal-de-manzana-con-frutia,baseline_moving_avg_14d,4811,28582,5.94,0.05
2026-01-22,MX-GDL,SKU-yoghurt-con-cereal-de-manzana-con-frutia,baseline_moving_avg_14d,4811,28101,5.84,0.05
2026-01-16,MX-GDL,SKU-yoghurt-con-cereal-de-vainilla-con-hojue,baseline_moving_avg_14d,10632,88722,8.34,0.05
2026-01-17,MX-GDL,SKU-yoghurt-con-cereal-de-vainilla-con-hojue,baseline_moving_avg_14d,10632,87659,8.24,0.05
2026-01-18,MX-GDL,SKU-yoghurt-con-cereal-de-vainilla-con-hojue,baseline_moving_avg_14d,10632,86596,8.14,0.05
2026-01-19,MX-GDL,SKU-yoghurt-con-cereal-de-vainilla-con-hojue,baseline_moving_avg_14d,10632,85533,8.04,0.05
2026-01-20,MX-GDL,SKU-yoghurt-con-cereal-de-vainilla-con-hojue,baseline_moving_avg_14d,10632,84470,7.94,0.05
2026-01-21,MX-GDL,SKU-yoghurt-con-cereal-de-vainilla-con-hojue,baseline_moving_avg_14d,10632,83407,7.84,0.05
2026-01-22,MX-GDL,SKU-yoghurt-con-cereal-de-vainilla-con-hojue,baseline_moving_avg_14d,10632,82344,7.74,0.05
2026-01-16,MX-IRA,SKU-danone-bebible-de-fresa-deslactosado,baseline_moving_avg_14d,5042,46653,9.25,0.05
2026-01-17,MX-IRA,SKU-danone-bebible-de-fresa-deslactosado,baseline_moving_avg_14d,5042,46149,9.15,0.05
2026-01-18,MX-IRA,SKU-danone-bebible-de-fresa-deslactosado,baseline_moving_avg_14d,5042,45645,9.05,0.05
2026-01-19,MX-IRA,SKU-danone-bebible-de-fresa-deslactosado,baseline_moving_avg_14d,5042,45141,8.95,0.05
2026-01-20,MX-IRA,SKU-danone-bebible-de-fresa-deslactosado,baseline_moving_avg_14d,5042,44637,8.85,0.05
2026-01-21,MX-IRA,SKU-danone-bebible-de-fresa-deslactosado,baseline_moving_avg_14d,5042,44133,8.75,0.05
2026-01-22,MX-IRA,SKU-danone-bebible-de-fresa-deslactosado,baseline_moving_avg_14d,5042,43629,8.65,0.05
2026-01-16,MX-IRA,SKU-danone-bebible-de-frutos-verdes-deslacto,baseline_moving_avg_14d,8142,51093,6.28,0.05
2026-01-17,MX-IRA,SKU-danone-bebible-de-frutos-verdes-deslacto,baseline_moving_avg_14d,8142,50279,6.18,0.05
2026-01-18,MX-IRA,SKU-danone-bebible-de-frutos-verdes-deslacto,baseline_moving_avg_14d,8142,49465,6.08,0.05
2026-01-19,MX-IRA,SKU-danone-bebible-de-frutos-verdes-deslacto,baseline_moving_avg_14d,8142,48651,5.98,0.05
2026-01-20,MX-IRA,SKU-danone-bebible-de-frutos-verdes-deslacto,baseline_moving_avg_14d,8142,47837,5.88,0.05
2026-01-21,MX-IRA,SKU-danone-bebible-de-frutos-verdes-deslacto,baseline_moving_avg_14d,8142,47023,5.78,0.05
2026-01-22,MX-IRA,SKU-danone-bebible-de-frutos-verdes-deslacto,baseline_moving_avg_14d,8142,46209,5.68,0.05
2026-01-16,MX-IRA,SKU-danone-bebible-de-mango-y-durazno-deslac,baseline_moving_avg_14d,9322,102167,10.96,0.05
2026-01-17,MX-IRA,SKU-danone-bebible-de-mango-y-durazno-deslac,baseline_moving_avg_14d,9322,101235,10.86,0.05
2026-01-18,MX-IRA,SKU-danone-bebible-de-mango-y-durazno-deslac,baseline_moving_avg_14d,9322,100303,10.76,0.05
2026-01-19,MX-IRA,SKU-danone-bebible-de-mango-y-durazno-deslac,baseline_moving_avg_14d,9322,99371,10.66,0.05
2026-01-20,MX-IRA,SKU-danone-bebible-de-mango-y-durazno-deslac,baseline_moving_avg_14d,9322,98439,10.56,0.05
2026-01-21,MX-IRA,SKU-danone-bebible-de-mango-y-durazno-deslac,baseline_moving_avg_14d,9322,97507,10.46,0.05
2026-01-22,MX-IRA,SKU-danone-bebible-de-mango-y-durazno-deslac,baseline_moving_avg_14d,9322,96575,10.36,0.05
2026-01-16,MX-IRA,SKU-danone-bebible-natural-deslactosado,baseline_moving_avg_14d,8968,83429,9.3,0.05
2026-01-17,MX-IRA,SKU-danone-bebible-natural-deslactosado,baseline_moving_avg_14d,8968,82532,9.2,0.05
2026-01-18,MX-IRA,SKU-danone-bebible-natural-deslactosado,baseline_moving_avg_14d,8968,81635,9.1,0.05
2026-01-19,MX-IRA,SKU-danone-bebible-natural-deslactosado,baseline_moving_avg_14d,8968,80738,9.0,0.05
2026-01-20,MX-IRA,SKU-danone-bebible-natural-deslactosado,baseline_moving_avg_14d,8968,79841,8.9,0.05
2026-01-21,MX-IRA,SKU-danone-bebible-natural-deslactosado,baseline_moving_avg_14d,8968,78944,8.8,0.05
2026-01-22,MX-IRA,SKU-danone-bebible-natural-deslactosado,baseline_moving_avg_14d,8968,78047,8.7,0.05
2026-01-16,MX-IRA,SKU-danone-familiar-coco-y-nuez-con-cereal,baseline_moving_avg_14d,11205,99609,8.89,0.05
2026-01-17,MX-IRA,SKU-danone-familiar-coco-y-nuez-con-cereal,baseline_moving_avg_14d,11205,98488,8.79,0.05
2026-01-18,MX-IRA,SKU-danone-familiar-coco-y-nuez-con-cereal,baseline_moving_avg_14d,11205,97367,8.69,0.05
2026-01-19,MX-IRA,SKU-danone-familiar-coco-y-nuez-con-cereal,baseline_moving_avg_14d,11205,96246,8.59,0.05
2026-01-20,MX-IRA,SKU-danone-familiar-coco-y-nuez-con-cereal,baseline_moving_avg_14d,11205,95125,8.49,0.05
2026-01-21,MX-IRA,SKU-danone-familiar-coco-y-nuez-con-cereal,baseline_moving_avg_14d,11205,94004,8.39,0.05
2026-01-22,MX-IRA,SKU-danone-familiar-coco-y-nuez-con-cereal,baseline_moving_avg_14d,11205,92883,8.29,0.05
2026-01-16,MX-IRA,SKU-danone-familiar-con-trozos-de-durazno,baseline_moving_avg_14d,1030,7544,7.32,0.05
2026-01-17,MX-IRA,SKU-danone-familiar-con-trozos-de-durazno,baseline_moving_avg_14d,1030,7441,7.22,0.05
2026-01-18,MX-IRA,SKU-danone-familiar-con-trozos-de-durazno,baseline_moving_avg_14d,1030,7338,7.12,0.05
2026-01-19,MX-IRA,SKU-danone-familiar-con-trozos-de-durazno,baseline_moving_avg_14d,1030,7235,7.02,0.05
2026-01-20,MX-IRA,SKU-danone-familiar-con-trozos-de-durazno,baseline_moving_avg_14d,1030,7132,6.92,0.05
2026-01-21,MX-IRA,SKU-danone-familiar-con-trozos-de-durazno,baseline_moving_avg_14d,1030,7029,6.82,0.05
2026-01-22,MX-IRA,SKU-danone-familiar-con-trozos-de-durazno,baseline_moving_avg_14d,1030,6926,6.72,0.05
2026-01-16,MX-IRA,SKU-danone-familiar-con-trozos-de-fresa-y-mo,baseline_moving_avg_14d,7877,58162,7.38,0.05
2026-01-17,MX-IRA,SKU-danone-familiar-con-trozos-de-fresa-y-mo,baseline_moving_avg_14d,7877,57374,7.28,0.05
2026-01-18,MX-IRA,SKU-danone-familiar-con-trozos-de-fresa-y-mo,baseline_moving_avg_14d,7877,56586,7.18,0.05
2026-01-19,MX-IRA,SKU-danone-familiar-con-trozos-de-fresa-y-mo,baseline_moving_avg_14d,7877,55798,7.08,0.05
2026-01-20,MX-IRA,SKU-danone-familiar-con-trozos-de-fresa-y-mo,baseline_moving_avg_14d,7877,55010,6.98,0.05
2026-01-21,MX-IRA,SKU-danone-familiar-con-trozos-de-fresa-y-mo,baseline_moving_avg_14d,7877,54222,6.88,0.05
2026-01-22,MX-IRA,SKU-danone-familiar-con-trozos-de-fresa-y-mo,baseline_moving_avg_14d,7877,53434,6.78,0.05
2026-01-16,MX-IRA,SKU-danone-familiar-con-trozos-de-mango,baseline_moving_avg_14d,2142,16352,7.63,0.05
2026-01-17,MX-IRA,SKU-danone-familiar-con-trozos-de-mango,baseline_moving_avg_14d,2142,16138,7.53,0.05
2026-01-18,MX-IRA,SKU-danone-familiar-con-trozos-de-mango,baseline_moving_avg_14d,2142,15924,7.43,0.05
2026-01-19,MX-IRA,SKU-danone-familiar-con-trozos-de-mango,baseline_moving_avg_14d,2142,15710,7.33,0.05
2026-01-20,MX-IRA,SKU-danone-familiar-con-trozos-de-mango,baseline_moving_avg_14d,2142,15496,7.23,0.05
2026-01-21,MX-IRA,SKU-danone-familiar-con-trozos-de-mango,baseline_moving_avg_14d,2142,15282,7.13,0.05
2026-01-22,MX-IRA,SKU-danone-familiar-con-trozos-de-mango,baseline_moving_avg_14d,2142,15068,7.03,0.05
2026-01-16,MX-IRA,SKU-danone-familiar-con-trozos-de-manzana,baseline_moving_avg_14d,5782,80728,13.96,0.05
2026-01-17,MX-IRA,SKU-danone-familiar-con-trozos-de-manzana,baseline_moving_avg_14d,5782,80150,13.86,0.05
2026-01-18,MX-IRA,SKU-danone-familiar-con-trozos-de-manzana,baseline_moving_avg_14d,5782,79572,13.76,0.05
2026-01-19,MX-IRA,SKU-danone-familiar-con-trozos-de-manzana,baseline_moving_avg_14d,5782,78994,13.66,0.05
2026-01-20,MX-IRA,SKU-danone-familiar-con-trozos-de-manzana,baseline_moving_avg_14d,5782,78416,13.56,0.05
2026-01-21,MX-IRA,SKU-danone-familiar-con-trozos-de-manzana,baseline_moving_avg_14d,5782,77838,13.46,0.05
2026-01-22,MX-IRA,SKU-danone-familiar-con-trozos-de-manzana,baseline_moving_avg_14d,5782,77260,13.36,0.05
2026-01-16,MX-IRA,SKU-danone-familiar-con-trozos-de-pina-y-coc,baseline_moving_avg_14d,4374,41719,9.54,0.05
2026-01-17,MX-IRA,SKU-danone-familiar-con-trozos-de-pina-y-coc,baseline_moving_avg_14d,4374,41282,9.44,0.05
2026-01-18,MX-IRA,SKU-danone-familiar-con-trozos-de-pina-y-coc,baseline_moving_avg_14d,4374,40845,9.34,0.05
2026-01-19,MX-IRA,SKU-danone-familiar-con-trozos-de-pina-y-coc,baseline_moving_avg_14d,4374,40408,9.24,0.05
2026-01-20,MX-IRA,SKU-danone-familiar-con-trozos-de-pina-y-coc,baseline_moving_avg_14d,4374,39971,9.14,0.05
2026-01-21,MX-IRA,SKU-danone-familiar-con-trozos-de-pina-y-coc,baseline_moving_avg_14d,4374,39534,9.04,0.05
2026-01-22,MX-IRA,SKU-danone-familiar-con-trozos-de-pina-y-coc,baseline_moving_avg_14d,4374,39097,8.94,0.05
2026-01-16,MX-IRA,SKU-danone-familiar-miel-y-granola,baseline_moving_avg_14d,1898,25104,13.23,0.05
2026-01-17,MX-IRA,SKU-danone-familiar-miel-y-granola,baseline_moving_avg_14d,1898,24914,13.13,0.05
2026-01-18,MX-IRA,SKU-danone-familiar-miel-y-granola,baseline_moving_avg_14d,1898,24724,13.03,0.05
2026-01-19,MX-IRA,SKU-danone-familiar-miel-y-granola,baseline_moving_avg_14d,1898,24534,12.93,0.05
2026-01-20,MX-IRA,SKU-danone-familiar-miel-y-granola,baseline_moving_avg_14d,1898,24344,12.83,0.05
2026-01-21,MX-IRA,SKU-danone-familiar-miel-y-granola,baseline_moving_avg_14d,1898,24154,12.73,0.05
2026-01-22,MX-IRA,SKU-danone-familiar-miel-y-granola,baseline_moving_avg_14d,1898,23964,12.63,0.05
2026-01-16,MX-IRA,SKU-danone-familiar-sabor-durazno-sin-trozos,baseline_moving_avg_14d,2483,21228,8.55,0.05
2026-01-17,MX-IRA,SKU-danone-familiar-sabor-durazno-sin-trozos,baseline_moving_avg_14d,2483,20980,8.45,0.05
2026-01-18,MX-IRA,SKU-danone-familiar-sabor-durazno-sin-trozos,baseline_moving_avg_14d,2483,20732,8.35,0.05
2026-01-19,MX-IRA,SKU-danone-familiar-sabor-durazno-sin-trozos,baseline_moving_avg_14d,2483,20484,8.25,0.05
2026-01-20,MX-IRA,SKU-danone-familiar-sabor-durazno-sin-trozos,baseline_moving_avg_14d,2483,20236,8.15,0.05
2026-01-21,MX-IRA,SKU-danone-familiar-sabor-durazno-sin-trozos,baseline_moving_avg_14d,2483,19988,8.05,0.05
2026-01-22,MX-IRA,SKU-danone-familiar-sabor-durazno-sin-trozos,baseline_moving_avg_14d,2483,19740,7.95,0.05
2026-01-16,MX-IRA,SKU-danone-familiar-sabor-fresa-sin-trozos,baseline_moving_avg_14d,5102,25717,5.04,0.05
2026-01-17,MX-IRA,SKU-danone-familiar-sabor-fresa-sin-trozos,baseline_moving_avg_14d,5102,25207,4.94,0.05
2026-01-18,MX-IRA,SKU-danone-familiar-sabor-fresa-sin-trozos,baseline_moving_avg_14d,5102,24697,4.84,0.05
2026-01-19,MX-IRA,SKU-danone-familiar-sabor-fresa-sin-trozos,baseline_moving_avg_14d,5102,24187,4.74,0.05
2026-01-20,MX-IRA,SKU-danone-familiar-sabor-fresa-sin-trozos,baseline_moving_avg_14d,5102,23677,4.64,0.07
2026-01-21,MX-IRA,SKU-danone-familiar-sabor-fresa-sin-trozos,baseline_moving_avg_14d,5102,23167,4.54,0.09
2026-01-22,MX-IRA,SKU-danone-familiar-sabor-fresa-sin-trozos,baseline_moving_avg_14d,5102,22657,4.44,0.11
2026-01-16,MX-IRA,SKU-danone-familiar-sabor-manzana-sin-trozos,baseline_moving_avg_14d,2680,3896,1.45,0.71
2026-01-17,MX-IRA,SKU-danone-familiar-sabor-manzana-sin-trozos,baseline_moving_avg_14d,2680,3628,1.35,0.73
2026-01-18,MX-IRA,SKU-danone-familiar-sabor-manzana-sin-trozos,baseline_moving_avg_14d,2680,3360,1.25,0.75
2026-01-19,MX-IRA,SKU-danone-familiar-sabor-manzana-sin-trozos,baseline_moving_avg_14d,2680,3092,1.15,0.77
2026-01-20,MX-IRA,SKU-danone-familiar-sabor-manzana-sin-trozos,baseline_moving_avg_14d,2680,2824,1.05,0.79
2026-01-21,MX-IRA,SKU-danone-familiar-sabor-manzana-sin-trozos,baseline_moving_avg_14d,2680,2556,0.95,0.81
2026-01-22,MX-IRA,SKU-danone-familiar-sabor-manzana-sin-trozos,baseline_moving_avg_14d,2680,2288,0.85,0.83
2026-01-16,MX-IRA,SKU-danone-griego-endulzado,baseline_moving_avg_14d,1352,6376,4.72,0.06
2026-01-17,MX-IRA,SKU-danone-griego-endulzado,baseline_moving_avg_14d,1352,6241,4.62,0.08
2026-01-18,MX-IRA,SKU-danone-griego-endulzado,baseline_moving_avg_14d,1352,6106,4.52,0.1
2026-01-19,MX-IRA,SKU-danone-griego-endulzado,baseline_moving_avg_14d,1352,5971,4.42,0.12
2026-01-20,MX-IRA,SKU-danone-griego-endulzado,baseline_moving_avg_14d,1352,5836,4.32,0.14
2026-01-21,MX-IRA,SKU-danone-griego-endulzado,baseline_moving_avg_14d,1352,5701,4.22,0.16
2026-01-22,MX-IRA,SKU-danone-griego-endulzado,baseline_moving_avg_14d,1352,5566,4.12,0.18
2026-01-16,MX-IRA,SKU-danone-griego-sin-azucar,baseline_moving_avg_14d,3700,44884,12.13,0.05
2026-01-17,MX-IRA,SKU-danone-griego-sin-azucar,baseline_moving_avg_14d,3700,44514,12.03,0.05
2026-01-18,MX-IRA,SKU-danone-griego-sin-azucar,baseline_moving_avg_14d,3700,44144,11.93,0.05
2026-01-19,MX-IRA,SKU-danone-griego-sin-azucar,baseline_moving_avg_14d,3700,43774,11.83,0.05
2026-01-20,MX-IRA,SKU-danone-griego-sin-azucar,baseline_moving_avg_14d,3700,43404,11.73,0.05
2026-01-21,MX-IRA,SKU-danone-griego-sin-azucar,baseline_moving_avg_14d,3700,43034,11.63,0.05
2026-01-22,MX-IRA,SKU-danone-griego-sin-azucar,baseline_moving_avg_14d,3700,42664,11.53,0.05
2026-01-16,MX-IRA,SKU-danone-natural-con-fermentos,baseline_moving_avg_14d,5328,87912,16.5,0.05
2026-01-17,MX-IRA,SKU-danone-natural-con-fermentos,baseline_moving_avg_14d,5328,87379,16.4,0.05
2026-01-18,MX-IRA,SKU-danone-natural-con-fermentos,baseline_moving_avg_14d,5328,86846,16.3,0.05
2026-01-19,MX-IRA,SKU-danone-natural-con-fermentos,baseline_moving_avg_14d,5328,86313,16.2,0.05
2026-01-20,MX-IRA,SKU-danone-natural-con-fermentos,baseline_moving_avg_14d,5328,85780,16.1,0.05
2026-01-21,MX-IRA,SKU-danone-natural-con-fermentos,baseline_moving_avg_14d,5328,85247,16.0,0.05
2026-01-22,MX-IRA,SKU-danone-natural-con-fermentos,baseline_moving_avg_14d,5328,84714,15.9,0.05
2026-01-16,MX-IRA,SKU-danone-natural-con-miel,baseline_moving_avg_14d,4060,47378,11.67,0.05
2026-01-17,MX-IRA,SKU-danone-natural-con-miel,baseline_moving_avg_14d,4060,46972,11.57,0.05
2026-01-18,MX-IRA,SKU-danone-natural-con-miel,baseline_moving_avg_14d,4060,46566,11.47,0.05
2026-01-19,MX-IRA,SKU-danone-natural-con-miel,baseline_moving_avg_14d,4060,46160,11.37,0.05
2026-01-20,MX-IRA,SKU-danone-natural-con-miel,baseline_moving_avg_14d,4060,45754,11.27,0.05
2026-01-21,MX-IRA,SKU-danone-natural-con-miel,baseline_moving_avg_14d,4060,45348,11.17,0.05
2026-01-22,MX-IRA,SKU-danone-natural-con-miel,baseline_moving_avg_14d,4060,44942,11.07,0.05
2026-01-16,MX-IRA,SKU-danone-natural-familiar-sin-azucar,baseline_moving_avg_14d,6315,53182,8.42,0.05
2026-01-17,MX-IRA,SKU-danone-natural-familiar-sin-azucar,baseline_moving_avg_14d,6315,52551,8.32,0.05
2026-01-18,MX-IRA,SKU-danone-natural-familiar-sin-azucar,baseline_moving_avg_14d,6315,51920,8.22,0.05
2026-01-19,MX-IRA,SKU-danone-natural-familiar-sin-azucar,baseline_moving_avg_14d,6315,51289,8.12,0.05
2026-01-20,MX-IRA,SKU-danone-natural-familiar-sin-azucar,baseline_moving_avg_14d,6315,50658,8.02,0.05
2026-01-21,MX-IRA,SKU-danone-natural-familiar-sin-azucar,baseline_moving_avg_14d,6315,50027,7.92,0.05
2026-01-22,MX-IRA,SKU-danone-natural-familiar-sin-azucar,baseline_moving_avg_14d,6315,49396,7.82,0.05
2026-01-16,MX-IRA,SKU-licuado-de-fresa-y-platano-con-cereales,baseline_moving_avg_14d,11421,72274,6.33,0.05
2026-01-17,MX-IRA,SKU-licuado-de-fresa-y-platano-con-cereales,baseline_moving_avg_14d,11421,71132,6.23,0.05
2026-01-18,MX-IRA,SKU-licuado-de-fresa-y-platano-con-cereales,baseline_moving_avg_14d,11421,69990,6.13,0.05
2026-01-19,MX-IRA,SKU-licuado-de-fresa-y-platano-con-cereales,baseline_moving_avg_14d,11421,68848,6.03,0.05
2026-01-20,MX-IRA,SKU-licuado-de-fresa-y-platano-con-cereales,baseline_moving_avg_14d,11421,67706,5.93,0.05
2026-01-21,MX-IRA,SKU-licuado-de-fresa-y-platano-con-cereales,baseline_moving_avg_14d,11421,66564,5.83,0.05
2026-01-22,MX-IRA,SKU-licuado-de-fresa-y-platano-con-cereales,baseline_moving_avg_14d,11421,65422,5.73,0.05
2026-01-16,MX-IRA,SKU-licuado-de-nuez-con-cereales,baseline_moving_avg_14d,7834,33689,4.3,0.14
2026-01-17,MX-IRA,SKU-licuado-de-nuez-con-cereales,baseline_moving_avg_14d,7834,32906,4.2,0.16
2026-01-18,MX-IRA,SKU-licuado-de-nuez-con-cereales,baseline_moving_avg_14d,7834,32123,4.1,0.18
2026-01-19,MX-IRA,SKU-licuado-de-nuez-con-cereales,baseline_moving_avg_14d,7834,31340,4.0,0.2
2026-01-20,MX-IRA,SKU-licuado-de-nuez-con-cereales,baseline_moving_avg_14d,7834,30557,3.9,0.22
2026-01-21,MX-IRA,SKU-licuado-de-nuez-con-cereales,baseline_moving_avg_14d,7834,29774,3.8,0.24
2026-01-22,MX-IRA,SKU-licuado-de-nuez-con-cereales,baseline_moving_avg_14d,7834,28991,3.7,0.26
2026-01-16,MX-IRA,SKU-yoghurt-con-cereal-de-fresa-con-azucarad,baseline_moving_avg_14d,4480,73286,16.36,0.05
2026-01-17,MX-IRA,SKU-yoghurt-con-cereal-de-fresa-con-azucarad,baseline_moving_avg_14d,4480,72838,16.26,0.05
2026-01-18,MX-IRA,SKU-yoghurt-con-cereal-de-fresa-con-azucarad,baseline_moving_avg_14d,4480,72390,16.16,0.05
2026-01-19,MX-IRA,SKU-yoghurt-con-cereal-de-fresa-con-azucarad,baseline_moving_avg_14d,4480,71942,16.06,0.05
2026-01-20,MX-IRA,SKU-yoghurt-con-cereal-de-fresa-con-azucarad,baseline_moving_avg_14d,4480,71494,15.96,0.05
2026-01-21,MX-IRA,SKU-yoghurt-con-cereal-de-fresa-con-azucarad,baseline_moving_avg_14d,4480,71046,15.86,0.05
2026-01-22,MX-IRA,SKU-yoghurt-con-cereal-de-fresa-con-azucarad,baseline_moving_avg_14d,4480,70598,15.76,0.05
2026-01-16,MX-IRA,SKU-yoghurt-con-cereal-de-fresa-con-chocoarr,baseline_moving_avg_14d,2667,35141,13.18,0.05
2026-01-17,MX-IRA,SKU-yoghurt-con-cereal-de-fresa-con-chocoarr,baseline_moving_avg_14d,2667,34874,13.08,0.05
2026-01-18,MX-IRA,SKU-yoghurt-con-cereal-de-fresa-con-chocoarr,baseline_moving_avg_14d,2667,34607,12.98,0.05
2026-01-19,MX-IRA,SKU-yoghurt-con-cereal-de-fresa-con-chocoarr,baseline_moving_avg_14d,2667,34340,12.88,0.05
2026-01-20,MX-IRA,SKU-yoghurt-con-cereal-de-fresa-con-chocoarr,baseline_moving_avg_14d,2667,34073,12.78,0.05
2026-01-21,MX-IRA,SKU-yoghurt-con-cereal-de-fresa-con-chocoarr,baseline_moving_avg_14d,2667,33806,12.68,0.05
2026-01-22,MX-IRA,SKU-yoghurt-con-cereal-de-fresa-con-chocoarr,baseline_moving_avg_14d,2667,33539,12.58,0.05
2026-01-16,MX-IRA,SKU-yoghurt-con-cereal-de-manzana-con-frutia,baseline_moving_avg_14d,8612,35701,4.15,0.17
2026-01-17,MX-IRA,SKU-yoghurt-con-cereal-de-manzana-con-frutia,baseline_moving_avg_14d,8612,34840,4.05,0.19
2026-01-18,MX-IRA,SKU-yoghurt-con-cereal-de-manzana-con-frutia,baseline_moving_avg_14d,8612,33979,3.95,0.21
2026-01-19,MX-IRA,SKU-yoghurt-con-cereal-de-manzana-con-frutia,baseline_moving_avg_14d,8612,33118,3.85,0.23
2026-01-20,MX-IRA,SKU-yoghurt-con-cereal-de-manzana-con-frutia,baseline_moving_avg_14d,8612,32257,3.75,0.25
2026-01-21,MX-IRA,SKU-yoghurt-con-cereal-de-manzana-con-frutia,baseline_moving_avg_14d,8612,31396,3.65,0.27
2026-01-22,MX-IRA,SKU-yoghurt-con-cereal-de-manzana-con-frutia,baseline_moving_avg_14d,8612,30535,3.55,0.29
2026-01-16,MX-IRA,SKU-yoghurt-con-cereal-de-vainilla-con-hojue,baseline_moving_avg_14d,5221,32665,6.26,0.05
2026-01-17,MX-IRA,SKU-yoghurt-con-cereal-de-vainilla-con-hojue,baseline_moving_avg_14d,5221,32143,6.16,0.05
2026-01-18,MX-IRA,SKU-yoghurt-con-cereal-de-vainilla-con-hojue,baseline_moving_avg_14d,5221,31621,6.06,0.05
2026-01-19,MX-IRA,SKU-yoghurt-con-cereal-de-vainilla-con-hojue,baseline_moving_avg_14d,5221,31099,5.96,0.05
2026-01-20,MX-IRA,SKU-yoghurt-con-cereal-de-vainilla-con-hojue,baseline_moving_avg_14d,5221,30577,5.86,0.05
2026-01-21,MX-IRA,SKU-yoghurt-con-cereal-de-vainilla-con-hojue,baseline_moving_avg_14d,5221,30055,5.76,0.05
2026-01-22,MX-IRA,SKU-yoghurt-con-cereal-de-vainilla-con-hojue,baseline_moving_avg_14d,5221,29533,5.66,0.05
2026-01-16,MX-SLP,SKU-danone-bebible-de-fresa-deslactosado,baseline_moving_avg_14d,12747,181918,14.27,0.05
2026-01-17,MX-SLP,SKU-danone-bebible-de-fresa-deslactosado,baseline_moving_avg_14d,12747,180643,14.17,0.05
2026-01-18,MX-SLP,SKU-danone-bebible-de-fresa-deslactosado,baseline_moving_avg_14d,12747,179368,14.07,0.05
2026-01-19,MX-SLP,SKU-danone-bebible-de-fresa-deslactosado,baseline_moving_avg_14d,12747,178093,13.97,0.05
2026-01-20,MX-SLP,SKU-danone-bebible-de-fresa-deslactosado,baseline_moving_avg_14d,12747,176818,13.87,0.05
2026-01-21,MX-SLP,SKU-danone-bebible-de-fresa-deslactosado,baseline_moving_avg_14d,12747,175543,13.77,0.05
2026-01-22,MX-SLP,SKU-danone-bebible-de-fresa-deslactosado,baseline_moving_avg_14d,12747,174268,13.67,0.05
2026-01-16,MX-SLP,SKU-danone-bebible-de-frutos-verdes-deslacto,baseline_moving_avg_14d,6649,65350,9.83,0.05
2026-01-17,MX-SLP,SKU-danone-bebible-de-frutos-verdes-deslacto,baseline_moving_avg_14d,6649,64685,9.73,0.05
2026-01-18,MX-SLP,SKU-danone-bebible-de-frutos-verdes-deslacto,baseline_moving_avg_14d,6649,64020,9.63,0.05
2026-01-19,MX-SLP,SKU-danone-bebible-de-frutos-verdes-deslacto,baseline_moving_avg_14d,6649,63355,9.53,0.05
2026-01-20,MX-SLP,SKU-danone-bebible-de-frutos-verdes-deslacto,baseline_moving_avg_14d,6649,62690,9.43,0.05
2026-01-21,MX-SLP,SKU-danone-bebible-de-frutos-verdes-deslacto,baseline_moving_avg_14d,6649,62025,9.33,0.05
2026-01-22,MX-SLP,SKU-danone-bebible-de-frutos-verdes-deslacto,baseline_moving_avg_14d,6649,61360,9.23,0.05
2026-01-16,MX-SLP,SKU-danone-bebible-de-mango-y-durazno-deslac,baseline_moving_avg_14d,9348,112278,12.01,0.05
2026-01-17,MX-SLP,SKU-danone-bebible-de-mango-y-durazno-deslac,baseline_moving_avg_14d,9348,111343,11.91,0.05
2026-01-18,MX-SLP,SKU-danone-bebible-de-mango-y-durazno-deslac,baseline_moving_avg_14d,9348,110408,11.81,0.05
2026-01-19,MX-SLP,SKU-danone-bebible-de-mango-y-durazno-deslac,baseline_moving_avg_14d,9348,109473,11.71,0.05
2026-01-20,MX-SLP,SKU-danone-bebible-de-mango-y-durazno-deslac,baseline_moving_avg_14d,9348,108538,11.61,0.05
2026-01-21,MX-SLP,SKU-danone-bebible-de-mango-y-durazno-deslac,baseline_moving_avg_14d,9348,107603,11.51,0.05
2026-01-22,MX-SLP,SKU-danone-bebible-de-mango-y-durazno-deslac,baseline_moving_avg_14d,9348,106668,11.41,0.05
2026-01-16,MX-SLP,SKU-danone-bebible-natural-deslactosado,baseline_moving_avg_14d,10093,113419,11.24,0.05
2026-01-17,MX-SLP,SKU-danone-bebible-natural-deslactosado,baseline_moving_avg_14d,10093,112410,11.14,0.05
2026-01-18,MX-SLP,SKU-danone-bebible-natural-deslactosado,baseline_moving_avg_14d,10093,111401,11.04,0.05
2026-01-19,MX-SLP,SKU-danone-bebible-natural-deslactosado,baseline_moving_avg_14d,10093,110392,10.94,0.05
2026-01-20,MX-SLP,SKU-danone-bebible-natural-deslactosado,baseline_moving_avg_14d,10093,109383,10.84,0.05
2026-01-21,MX-SLP,SKU-danone-bebible-natural-deslactosado,baseline_moving_avg_14d,10093,108374,10.74,0.05
2026-01-22,MX-SLP,SKU-danone-bebible-natural-deslactosado,baseline_moving_avg_14d,10093,107365,10.64,0.05
2026-01-16,MX-SLP,SKU-danone-familiar-coco-y-nuez-con-cereal,baseline_moving_avg_14d,12216,133321,10.91,0.05
2026-01-17,MX-SLP,SKU-danone-familiar-coco-y-nuez-con-cereal,baseline_moving_avg_14d,12216,132099,10.81,0.05
2026-01-18,MX-SLP,SKU-danone-familiar-coco-y-nuez-con-cereal,baseline_moving_avg_14d,12216,130877,10.71,0.05
2026-01-19,MX-SLP,SKU-danone-familiar-coco-y-nuez-con-cereal,baseline_moving_avg_14d,12216,129655,10.61,0.05
2026-01-20,MX-SLP,SKU-danone-familiar-coco-y-nuez-con-cereal,baseline_moving_avg_14d,12216,128433,10.51,0.05
2026-01-21,MX-SLP,SKU-danone-familiar-coco-y-nuez-con-cereal,baseline_moving_avg_14d,12216,127211,10.41,0.05
2026-01-22,MX-SLP,SKU-danone-familiar-coco-y-nuez-con-cereal,baseline_moving_avg_14d,12216,125989,10.31,0.05
2026-01-16,MX-SLP,SKU-danone-familiar-con-trozos-de-durazno,baseline_moving_avg_14d,12785,151432,11.84,0.05
2026-01-17,MX-SLP,SKU-danone-familiar-con-trozos-de-durazno,baseline_moving_avg_14d,12785,150153,11.74,0.05
2026-01-18,MX-SLP,SKU-danone-familiar-con-trozos-de-durazno,baseline_moving_avg_14d,12785,148874,11.64,0.05
2026-01-19,MX-SLP,SKU-danone-familiar-con-trozos-de-durazno,baseline_moving_avg_14d,12785,147595,11.54,0.05
2026-01-20,MX-SLP,SKU-danone-familiar-con-trozos-de-durazno,baseline_moving_avg_14d,12785,146316,11.44,0.05
2026-01-21,MX-SLP,SKU-danone-familiar-con-trozos-de-durazno,baseline_moving_avg_14d,12785,145037,11.34,0.05
2026-01-22,MX-SLP,SKU-danone-familiar-con-trozos-de-durazno,baseline_moving_avg_14d,12785,143758,11.24,0.05
2026-01-16,MX-SLP,SKU-danone-familiar-con-trozos-de-fresa-y-mo,baseline_moving_avg_14d,10640,80726,7.59,0.05
2026-01-17,MX-SLP,SKU-danone-familiar-con-trozos-de-fresa-y-mo,baseline_moving_avg_14d,10640,79662,7.49,0.05
2026-01-18,MX-SLP,SKU-danone-familiar-con-trozos-de-fresa-y-mo,baseline_moving_avg_14d,10640,78598,7.39,0.05
2026-01-19,MX-SLP,SKU-danone-familiar-con-trozos-de-fresa-y-mo,baseline_moving_avg_14d,10640,77534,7.29,0.05
2026-01-20,MX-SLP,SKU-danone-familiar-con-trozos-de-fresa-y-mo,baseline_moving_avg_14d,10640,76470,7.19,0.05
2026-01-21,MX-SLP,SKU-danone-familiar-con-trozos-de-fresa-y-mo,baseline_moving_avg_14d,10640,75406,7.09,0.05
2026-01-22,MX-SLP,SKU-danone-familiar-con-trozos-de-fresa-y-mo,baseline_moving_avg_14d,10640,74342,6.99,0.05
2026-01-16,MX-SLP,SKU-danone-familiar-con-trozos-de-mango,baseline_moving_avg_14d,1864,11382,6.11,0.05
2026-01-17,MX-SLP,SKU-danone-familiar-con-trozos-de-mango,baseline_moving_avg_14d,1864,11196,6.01,0.05
2026-01-18,MX-SLP,SKU-danone-familiar-con-trozos-de-mango,baseline_moving_avg_14d,1864,11010,5.91,0.05
2026-01-19,MX-SLP,SKU-danone-familiar-con-trozos-de-mango,baseline_moving_avg_14d,1864,10824,5.81,0.05
2026-01-20,MX-SLP,SKU-danone-familiar-con-trozos-de-mango,baseline_moving_avg_14d,1864,10638,5.71,0.05
2026-01-21,MX-SLP,SKU-danone-familiar-con-trozos-de-mango,baseline_moving_avg_14d,1864,10452,5.61,0.05
2026-01-22,MX-SLP,SKU-danone-familiar-con-trozos-de-mango,baseline_moving_avg_14d,1864,10266,5.51,0.05
2026-01-16,MX-SLP,SKU-danone-familiar-con-trozos-de-manzana,baseline_moving_avg_14d,2959,11702,3.95,0.21
2026-01-17,MX-SLP,SKU-danone-familiar-con-trozos-de-manzana,baseline_moving_avg_14d,2959,11406,3.85,0.23
2026-01-18,MX-SLP,SKU-danone-familiar-con-trozos-de-manzana,baseline_moving_avg_14d,2959,11110,3.75,0.25
2026-01-19,MX-SLP,SKU-danone-familiar-con-trozos-de-manzana,baseline_moving_avg_14d,2959,10814,3.65,0.27
2026-01-20,MX-SLP,SKU-danone-familiar-con-trozos-de-manzana,baseline_moving_avg_14d,2959,10518,3.55,0.29
2026-01-21,MX-SLP,SKU-danone-familiar-con-trozos-de-manzana,baseline_moving_avg_14d,2959,10222,3.45,0.31
2026-01-22,MX-SLP,SKU-danone-familiar-con-trozos-de-manzana,baseline_moving_avg_14d,2959,9926,3.35,0.33
2026-01-16,MX-SLP,SKU-danone-familiar-con-trozos-de-pina-y-coc,baseline_moving_avg_14d,3926,22731,5.79,0.05
2026-01-17,MX-SLP,SKU-danone-familiar-con-trozos-de-pina-y-coc,baseline_moving_avg_14d,3926,22338,5.69,0.05
2026-01-18,MX-SLP,SKU-danone-familiar-con-trozos-de-pina-y-coc,baseline_moving_avg_14d,3926,21945,5.59,0.05
2026-01-19,MX-SLP,SKU-danone-familiar-con-trozos-de-pina-y-coc,baseline_moving_avg_14d,3926,21552,5.49,0.05
2026-01-20,MX-SLP,SKU-danone-familiar-con-trozos-de-pina-y-coc,baseline_moving_avg_14d,3926,21159,5.39,0.05
2026-01-21,MX-SLP,SKU-danone-familiar-con-trozos-de-pina-y-coc,baseline_moving_avg_14d,3926,20766,5.29,0.05
2026-01-22,MX-SLP,SKU-danone-familiar-con-trozos-de-pina-y-coc,baseline_moving_avg_14d,3926,20373,5.19,0.05
2026-01-16,MX-SLP,SKU-danone-familiar-miel-y-granola,baseline_moving_avg_14d,8800,79009,8.98,0.05
2026-01-17,MX-SLP,SKU-danone-familiar-miel-y-granola,baseline_moving_avg_14d,8800,78129,8.88,0.05
2026-01-18,MX-SLP,SKU-danone-familiar-miel-y-granola,baseline_moving_avg_14d,8800,77249,8.78,0.05
2026-01-19,MX-SLP,SKU-danone-familiar-miel-y-granola,baseline_moving_avg_14d,8800,76369,8.68,0.05
2026-01-20,MX-SLP,SKU-danone-familiar-miel-y-granola,baseline_moving_avg_14d,8800,75489,8.58,0.05
2026-01-21,MX-SLP,SKU-danone-familiar-miel-y-granola,baseline_moving_avg_14d,8800,74609,8.48,0.05
2026-01-22,MX-SLP,SKU-danone-familiar-miel-y-granola,baseline_moving_avg_14d,8800,73729,8.38,0.05
2026-01-16,MX-SLP,SKU-danone-familiar-sabor-durazno-sin-trozos,baseline_moving_avg_14d,11079,123811,11.18,0.05
2026-01-17,MX-SLP,SKU-danone-familiar-sabor-durazno-sin-trozos,baseline_moving_avg_14d,11079,122703,11.08,0.05
2026-01-18,MX-SLP,SKU-danone-familiar-sabor-durazno-sin-trozos,baseline_moving_avg_14d,11079,121595,10.98,0.05
2026-01-19,MX-SLP,SKU-danone-familiar-sabor-durazno-sin-trozos,baseline_moving_avg_14d,11079,120487,10.88,0.05
2026-01-20,MX-SLP,SKU-danone-familiar-sabor-durazno-sin-trozos,baseline_moving_avg_14d,11079,119379,10.78,0.05
2026-01-21,MX-SLP,SKU-danone-familiar-sabor-durazno-sin-trozos,baseline_moving_avg_14d,11079,118271,10.68,0.05
2026-01-22,MX-SLP,SKU-danone-familiar-sabor-durazno-sin-trozos,baseline_moving_avg_14d,11079,117163,10.58,0.05
2026-01-16,MX-SLP,SKU-danone-familiar-sabor-fresa-sin-trozos,baseline_moving_avg_14d,3542,31696,8.95,0.05
2026-01-17,MX-SLP,SKU-danone-familiar-sabor-fresa-sin-trozos,baseline_moving_avg_14d,3542,31342,8.85,0.05
2026-01-18,MX-SLP,SKU-danone-familiar-sabor-fresa-sin-trozos,baseline_moving_avg_14d,3542,30988,8.75,0.05
2026-01-19,MX-SLP,SKU-danone-familiar-sabor-fresa-sin-trozos,baseline_moving_avg_14d,3542,30634,8.65,0.05
2026-01-20,MX-SLP,SKU-danone-familiar-sabor-fresa-sin-trozos,baseline_moving_avg_14d,3542,30280,8.55,0.05
2026-01-21,MX-SLP,SKU-danone-familiar-sabor-fresa-sin-trozos,baseline_moving_avg_14d,3542,29926,8.45,0.05
2026-01-22,MX-SLP,SKU-danone-familiar-sabor-fresa-sin-trozos,baseline_moving_avg_14d,3542,29572,8.35,0.05
2026-01-16,MX-SLP,SKU-danone-familiar-sabor-manzana-sin-trozos,baseline_moving_avg_14d,3228,34073,10.56,0.05
2026-01-17,MX-SLP,SKU-danone-familiar-sabor-manzana-sin-trozos,baseline_moving_avg_14d,3228,33750,10.46,0.05
2026-01-18,MX-SLP,SKU-danone-familiar-sabor-manzana-sin-trozos,baseline_moving_avg_14d,3228,33427,10.36,0.05
2026-01-19,MX-SLP,SKU-danone-familiar-sabor-manzana-sin-trozos,baseline_moving_avg_14d,3228,33104,10.26,0.05
2026-01-20,MX-SLP,SKU-danone-familiar-sabor-manzana-sin-trozos,baseline_moving_avg_14d,3228,32781,10.16,0.05
2026-01-21,MX-SLP,SKU-danone-familiar-sabor-manzana-sin-trozos,baseline_moving_avg_14d,3228,32458,10.06,0.05
2026-01-22,MX-SLP,SKU-danone-familiar-sabor-manzana-sin-trozos,baseline_moving_avg_14d,3228,32135,9.96,0.05
2026-01-16,MX-SLP,SKU-danone-griego-endulzado,baseline_moving_avg_14d,10044,75973,7.56,0.05
2026-01-17,MX-SLP,SKU-danone-griego-endulzado,baseline_moving_avg_14d,10044,74969,7.46,0.05
2026-01-18,MX-SLP,SKU-danone-griego-endulzado,baseline_moving_avg_14d,10044,73965,7.36,0.05
2026-01-19,MX-SLP,SKU-danone-griego-endulzado,baseline_moving_avg_14d,10044,72961,7.26,0.05
2026-01-20,MX-SLP,SKU-danone-griego-endulzado,baseline_moving_avg_14d,10044,71957,7.16,0.05
2026-01-21,MX-SLP,SKU-danone-griego-endulzado,baseline_moving_avg_14d,10044,70953,7.06,0.05
2026-01-22,MX-SLP,SKU-danone-griego-endulzado,baseline_moving_avg_14d,10044,69949,6.96,0.05
2026-01-16,MX-SLP,SKU-danone-griego-sin-azucar,baseline_moving_avg_14d,13080,93677,7.16,0.05
2026-01-17,MX-SLP,SKU-danone-griego-sin-azucar,baseline_moving_avg_14d,13080,92369,7.06,0.05
2026-01-18,MX-SLP,SKU-danone-griego-sin-azucar,baseline_moving_avg_14d,13080,91061,6.96,0.05
2026-01-19,MX-SLP,SKU-danone-griego-sin-azucar,baseline_moving_avg_14d,13080,89753,6.86,0.05
2026-01-20,MX-SLP,SKU-danone-griego-sin-azucar,baseline_moving_avg_14d,13080,88445,6.76,0.05
2026-01-21,MX-SLP,SKU-danone-griego-sin-azucar,baseline_moving_avg_14d,13080,87137,6.66,0.05
2026-01-22,MX-SLP,SKU-danone-griego-sin-azucar,baseline_moving_avg_14d,13080,85829,6.56,0.05
2026-01-16,MX-SLP,SKU-danone-natural-con-fermentos,baseline_moving_avg_14d,17343,134115,7.73,0.05
2026-01-17,MX-SLP,SKU-danone-natural-con-fermentos,baseline_moving_avg_14d,17343,132381,7.63,0.05
2026-01-18,MX-SLP,SKU-danone-natural-con-fermentos,baseline_moving_avg_14d,17343,130647,7.53,0.05
2026-01-19,MX-SLP,SKU-danone-natural-con-fermentos,baseline_moving_avg_14d,17343,128913,7.43,0.05
2026-01-20,MX-SLP,SKU-danone-natural-con-fermentos,baseline_moving_avg_14d,17343,127179,7.33,0.05
2026-01-21,MX-SLP,SKU-danone-natural-con-fermentos,baseline_moving_avg_14d,17343,125445,7.23,0.05
2026-01-22,MX-SLP,SKU-danone-natural-con-fermentos,baseline_moving_avg_14d,17343,123711,7.13,0.05
2026-01-16,MX-SLP,SKU-danone-natural-con-miel,baseline_moving_avg_14d,10868,93763,8.63,0.05
2026-01-17,MX-SLP,SKU-danone-natural-con-miel,baseline_moving_avg_14d,10868,92676,8.53,0.05
2026-01-18,MX-SLP,SKU-danone-natural-con-miel,baseline_moving_avg_14d,10868,91589,8.43,0.05
2026-01-19,MX-SLP,SKU-danone-natural-con-miel,baseline_moving_avg_14d,10868,90502,8.33,0.05
2026-01-20,MX-SLP,SKU-danone-natural-con-miel,baseline_moving_avg_14d,10868,89415,8.23,0.05
2026-01-21,MX-SLP,SKU-danone-natural-con-miel,baseline_moving_avg_14d,10868,88328,8.13,0.05
2026-01-22,MX-SLP,SKU-danone-natural-con-miel,baseline_moving_avg_14d,10868,87241,8.03,0.05
2026-01-16,MX-SLP,SKU-danone-natural-familiar-sin-azucar,baseline_moving_avg_14d,1597,27813,17.42,0.05
2026-01-17,MX-SLP,SKU-danone-natural-familiar-sin-azucar,baseline_moving_avg_14d,1597,27653,17.32,0.05
2026-01-18,MX-SLP,SKU-danone-natural-familiar-sin-azucar,baseline_moving_avg_14d,1597,27493,17.22,0.05
2026-01-19,MX-SLP,SKU-danone-natural-familiar-sin-azucar,baseline_moving_avg_14d,1597,27333,17.12,0.05
2026-01-20,MX-SLP,SKU-danone-natural-familiar-sin-azucar,baseline_moving_avg_14d,1597,27173,17.02,0.05
2026-01-21,MX-SLP,SKU-danone-natural-familiar-sin-azucar,baseline_moving_avg_14d,1597,27013,16.91,0.05
2026-01-22,MX-SLP,SKU-danone-natural-familiar-sin-azucar,baseline_moving_avg_14d,1597,26853,16.81,0.05
2026-01-16,MX-SLP,SKU-licuado-de-fresa-y-platano-con-cereales,baseline_moving_avg_14d,11637,31668,2.72,0.46
2026-01-17,MX-SLP,SKU-licuado-de-fresa-y-platano-con-cereales,baseline_moving_avg_14d,11637,30504,2.62,0.48
2026-01-18,MX-SLP,SKU-licuado-de-fresa-y-platano-con-cereales,baseline_moving_avg_14d,11637,29340,2.52,0.5
2026-01-19,MX-SLP,SKU-licuado-de-fresa-y-platano-con-cereales,baseline_moving_avg_14d,11637,28176,2.42,0.52
2026-01-20,MX-SLP,SKU-licuado-de-fresa-y-platano-con-cereales,baseline_moving_avg_14d,11637,27012,2.32,0.54
2026-01-21,MX-SLP,SKU-licuado-de-fresa-y-platano-con-cereales,baseline_moving_avg_14d,11637,25848,2.22,0.56
2026-01-22,MX-SLP,SKU-licuado-de-fresa-y-platano-con-cereales,baseline_moving_avg_14d,11637,24684,2.12,0.58
2026-01-16,MX-SLP,SKU-licuado-de-nuez-con-cereales,baseline_moving_avg_14d,1433,20238,14.12,0.05
2026-01-17,MX-SLP,SKU-licuado-de-nuez-con-cereales,baseline_moving_avg_14d,1433,20095,14.02,0.05
2026-01-18,MX-SLP,SKU-licuado-de-nuez-con-cereales,baseline_moving_avg_14d,1433,19952,13.92,0.05
2026-01-19,MX-SLP,SKU-licuado-de-nuez-con-cereales,baseline_moving_avg_14d,1433,19809,13.82,0.05
2026-01-20,MX-SLP,SKU-licuado-de-nuez-con-cereales,baseline_moving_avg_14d,1433,19666,13.72,0.05
2026-01-21,MX-SLP,SKU-licuado-de-nuez-con-cereales,baseline_moving_avg_14d,1433,19523,13.62,0.05
2026-01-22,MX-SLP,SKU-licuado-de-nuez-con-cereales,baseline_moving_avg_14d,1433,19380,13.52,0.05
2026-01-16,MX-SLP,SKU-yoghurt-con-cereal-de-fresa-con-azucarad,baseline_moving_avg_14d,7227,106328,14.71,0.05
2026-01-17,MX-SLP,SKU-yoghurt-con-cereal-de-fresa-con-azucarad,baseline_moving_avg_14d,7227,105605,14.61,0.05
2026-01-18,MX-SLP,SKU-yoghurt-con-cereal-de-fresa-con-azucarad,baseline_moving_avg_14d,7227,104882,14.51,0.05
2026-01-19,MX-SLP,SKU-yoghurt-con-cereal-de-fresa-con-azucarad,baseline_moving_avg_14d,7227,104159,14.41,0.05
2026-01-20,MX-SLP,SKU-yoghurt-con-cereal-de-fresa-con-azucarad,baseline_moving_avg_14d,7227,103436,14.31,0.05
2026-01-21,MX-SLP,SKU-yoghurt-con-cereal-de-fresa-con-azucarad,baseline_moving_avg_14d,7227,102713,14.21,0.05
2026-01-22,MX-SLP,SKU-yoghurt-con-cereal-de-fresa-con-azucarad,baseline_moving_avg_14d,7227,101990,14.11,0.05
2026-01-16,MX-SLP,SKU-yoghurt-con-cereal-de-fresa-con-chocoarr,baseline_moving_avg_14d,4543,42274,9.31,0.05
2026-01-17,MX-SLP,SKU-yoghurt-con-cereal-de-fresa-con-chocoarr,baseline_moving_avg_14d,4543,41820,9.21,0.05
2026-01-18,MX-SLP,SKU-yoghurt-con-cereal-de-fresa-con-chocoarr,baseline_moving_avg_14d,4543,41366,9.11,0.05
2026-01-19,MX-SLP,SKU-yoghurt-con-cereal-de-fresa-con-chocoarr,baseline_moving_avg_14d,4543,40912,9.01,0.05
2026-01-20,MX-SLP,SKU-yoghurt-con-cereal-de-fresa-con-chocoarr,baseline_moving_avg_14d,4543,40458,8.91,0.05
2026-01-21,MX-SLP,SKU-yoghurt-con-cereal-de-fresa-con-chocoarr,baseline_moving_avg_14d,4543,40004,8.81,0.05
2026-01-22,MX-SLP,SKU-yoghurt-con-cereal-de-fresa-con-chocoarr,baseline_moving_avg_14d,4543,39550,8.71,0.05
2026-01-16,MX-SLP,SKU-yoghurt-con-cereal-de-manzana-con-frutia,baseline_moving_avg_14d,2426,22607,9.32,0.05
2026-01-17,MX-SLP,SKU-yoghurt-con-cereal-de-manzana-con-frutia,baseline_moving_avg_14d,2426,22364,9.22,0.05
2026-01-18,MX-SLP,SKU-yoghurt-con-cereal-de-manzana-con-frutia,baseline_moving_avg_14d,2426,22121,9.12,0.05
2026-01-19,MX-SLP,SKU-yoghurt-con-cereal-de-manzana-con-frutia,baseline_moving_avg_14d,2426,21878,9.02,0.05
2026-01-20,MX-SLP,SKU-yoghurt-con-cereal-de-manzana-con-frutia,baseline_moving_avg_14d,2426,21635,8.92,0.05
2026-01-21,MX-SLP,SKU-yoghurt-con-cereal-de-manzana-con-frutia,baseline_moving_avg_14d,2426,21392,8.82,0.05
2026-01-22,MX-SLP,SKU-yoghurt-con-cereal-de-manzana-con-frutia,baseline_moving_avg_14d,2426,21149,8.72,0.05
2026-01-16,MX-SLP,SKU-yoghurt-con-cereal-de-vainilla-con-hojue,baseline_moving_avg_14d,11490,105652,9.2,0.05
2026-01-17,MX-SLP,SKU-yoghurt-con-cereal-de-vainilla-con-hojue,baseline_moving_avg_14d,11490,104503,9.1,0.05
2026-01-18,MX-SLP,SKU-yoghurt-con-cereal-de-vainilla-con-hojue,baseline_moving_avg_14d,11490,103354,9.0,0.05
2026-01-19,MX-SLP,SKU-yoghurt-con-cereal-de-vainilla-con-hojue,baseline_moving_avg_14d,11490,102205,8.9,0.05
2026-01-20,MX-SLP,SKU-yoghurt-con-cereal-de-vainilla-con-hojue,baseline_moving_avg_14d,11490,101056,8.8,0.05
2026-01-21,MX-SLP,SKU-yoghurt-con-cereal-de-vainilla-con-hojue,baseline_moving_avg_14d,11490,99907,8.7,0.05
2026-01-22,MX-SLP,SKU-yoghurt-con-cereal-de-vainilla-con-hojue,baseline_moving_avg_14d,11490,98758,8.6,0.05
2026-01-16,MX-TOL,SKU-danone-bebible-de-fresa-deslactosado,baseline_moving_avg_14d,1056,5530,5.24,0.05
2026-01-17,MX-TOL,SKU-danone-bebible-de-fresa-deslactosado,baseline_moving_avg_14d,1056,5424,5.14,0.05
2026-01-18,MX-TOL,SKU-danone-bebible-de-fresa-deslactosado,baseline_moving_avg_14d,1056,5318,5.04,0.05
2026-01-19,MX-TOL,SKU-danone-bebible-de-fresa-deslactosado,baseline_moving_avg_14d,1056,5212,4.94,0.05
2026-01-20,MX-TOL,SKU-danone-bebible-de-fresa-deslactosado,baseline_moving_avg_14d,1056,5106,4.84,0.05
2026-01-21,MX-TOL,SKU-danone-bebible-de-fresa-deslactosado,baseline_moving_avg_14d,1056,5000,4.73,0.05
2026-01-22,MX-TOL,SKU-danone-bebible-de-fresa-deslactosado,baseline_moving_avg_14d,1056,4894,4.63,0.07
2026-01-16,MX-TOL,SKU-danone-bebible-de-frutos-verdes-deslacto,baseline_moving_avg_14d,10830,99560,9.19,0.05
2026-01-17,MX-TOL,SKU-danone-bebible-de-frutos-verdes-deslacto,baseline_moving_avg_14d,10830,98477,9.09,0.05
2026-01-18,MX-TOL,SKU-danone-bebible-de-frutos-verdes-deslacto,baseline_moving_avg_14d,10830,97394,8.99,0.05
2026-01-19,MX-TOL,SKU-danone-bebible-de-frutos-verdes-deslacto,baseline_moving_avg_14d,10830,96311,8.89,0.05
2026-01-20,MX-TOL,SKU-danone-bebible-de-frutos-verdes-deslacto,baseline_moving_avg_14d,10830,95228,8.79,0.05
2026-01-21,MX-TOL,SKU-danone-bebible-de-frutos-verdes-deslacto,baseline_moving_avg_14d,10830,94145,8.69,0.05
2026-01-22,MX-TOL,SKU-danone-bebible-de-frutos-verdes-deslacto,baseline_moving_avg_14d,10830,93062,8.59,0.05
2026-01-16,MX-TOL,SKU-danone-bebible-de-mango-y-durazno-deslac,baseline_moving_avg_14d,1198,6484,5.41,0.05
2026-01-17,MX-TOL,SKU-danone-bebible-de-mango-y-durazno-deslac,baseline_moving_avg_14d,1198,6364,5.31,0.05
2026-01-18,MX-TOL,SKU-danone-bebible-de-mango-y-durazno-deslac,baseline_moving_avg_14d,1198,6244,5.21,0.05
2026-01-19,MX-TOL,SKU-danone-bebible-de-mango-y-durazno-deslac,baseline_moving_avg_14d,1198,6124,5.11,0.05
2026-01-20,MX-TOL,SKU-danone-bebible-de-mango-y-durazno-deslac,baseline_moving_avg_14d,1198,6004,5.01,0.05
2026-01-21,MX-TOL,SKU-danone-bebible-de-mango-y-durazno-deslac,baseline_moving_avg_14d,1198,5884,4.91,0.05
2026-01-22,MX-TOL,SKU-danone-bebible-de-mango-y-durazno-deslac,baseline_moving_avg_14d,1198,5764,4.81,0.05
2026-01-16,MX-TOL,SKU-danone-bebible-natural-deslactosado,baseline_moving_avg_14d,12417,85025,6.85,0.05
2026-01-17,MX-TOL,SKU-danone-bebible-natural-deslactosado,baseline_moving_avg_14d,12417,83783,6.75,0.05
2026-01-18,MX-TOL,SKU-danone-bebible-natural-deslactosado,baseline_moving_avg_14d,12417,82541,6.65,0.05
2026-01-19,MX-TOL,SKU-danone-bebible-natural-deslactosado,baseline_moving_avg_14d,12417,81299,6.55,0.05
2026-01-20,MX-TOL,SKU-danone-bebible-natural-deslactosado,baseline_moving_avg_14d,12417,80057,6.45,0.05
2026-01-21,MX-TOL,SKU-danone-bebible-natural-deslactosado,baseline_moving_avg_14d,12417,78815,6.35,0.05
2026-01-22,MX-TOL,SKU-danone-bebible-natural-deslactosado,baseline_moving_avg_14d,12417,77573,6.25,0.05
2026-01-16,MX-TOL,SKU-danone-familiar-coco-y-nuez-con-cereal,baseline_moving_avg_14d,11100,127487,11.49,0.05
2026-01-17,MX-TOL,SKU-danone-familiar-coco-y-nuez-con-cereal,baseline_moving_avg_14d,11100,126377,11.39,0.05
2026-01-18,MX-TOL,SKU-danone-familiar-coco-y-nuez-con-cereal,baseline_moving_avg_14d,11100,125267,11.29,0.05
2026-01-19,MX-TOL,SKU-danone-familiar-coco-y-nuez-con-cereal,baseline_moving_avg_14d,11100,124157,11.19,0.05
2026-01-20,MX-TOL,SKU-danone-familiar-coco-y-nuez-con-cereal,baseline_moving_avg_14d,11100,123047,11.09,0.05
2026-01-21,MX-TOL,SKU-danone-familiar-coco-y-nuez-con-cereal,baseline_moving_avg_14d,11100,121937,10.99,0.05
2026-01-22,MX-TOL,SKU-danone-familiar-coco-y-nuez-con-cereal,baseline_moving_avg_14d,11100,120827,10.89,0.05
2026-01-16,MX-TOL,SKU-danone-familiar-con-trozos-de-durazno,baseline_moving_avg_14d,6056,69264,11.44,0.05
2026-01-17,MX-TOL,SKU-danone-familiar-con-trozos-de-durazno,baseline_moving_avg_14d,6056,68658,11.34,0.05
2026-01-18,MX-TOL,SKU-danone-familiar-con-trozos-de-durazno,baseline_moving_avg_14d,6056,68052,11.24,0.05
2026-01-19,MX-TOL,SKU-danone-familiar-con-trozos-de-durazno,baseline_moving_avg_14d,6056,67446,11.14,0.05
2026-01-20,MX-TOL,SKU-danone-familiar-con-trozos-de-durazno,baseline_moving_avg_14d,6056,66840,11.04,0.05
2026-01-21,MX-TOL,SKU-danone-familiar-con-trozos-de-durazno,baseline_moving_avg_14d,6056,66234,10.94,0.05
2026-01-22,MX-TOL,SKU-danone-familiar-con-trozos-de-durazno,baseline_moving_avg_14d,6056,65628,10.84,0.05
2026-01-16,MX-TOL,SKU-danone-familiar-con-trozos-de-fresa-y-mo,baseline_moving_avg_14d,5770,34646,6.0,0.05
2026-01-17,MX-TOL,SKU-danone-familiar-con-trozos-de-fresa-y-mo,baseline_moving_avg_14d,5770,34069,5.9,0.05
2026-01-18,MX-TOL,SKU-danone-familiar-con-trozos-de-fresa-y-mo,baseline_moving_avg_14d,5770,33492,5.8,0.05
2026-01-19,MX-TOL,SKU-danone-familiar-con-trozos-de-fresa-y-mo,baseline_moving_avg_14d,5770,32915,5.7,0.05
2026-01-20,MX-TOL,SKU-danone-familiar-con-trozos-de-fresa-y-mo,baseline_moving_avg_14d,5770,32338,5.6,0.05
2026-01-21,MX-TOL,SKU-danone-familiar-con-trozos-de-fresa-y-mo,baseline_moving_avg_14d,5770,31761,5.5,0.05
2026-01-22,MX-TOL,SKU-danone-familiar-con-trozos-de-fresa-y-mo,baseline_moving_avg_14d,5770,31184,5.4,0.05
2026-01-16,MX-TOL,SKU-danone-familiar-con-trozos-de-mango,baseline_moving_avg_14d,1082,6615,6.11,0.05
2026-01-17,MX-TOL,SKU-danone-familiar-con-trozos-de-mango,baseline_moving_avg_14d,1082,6507,6.01,0.05
2026-01-18,MX-TOL,SKU-danone-familiar-con-trozos-de-mango,baseline_moving_avg_14d,1082,6399,5.91,0.05
2026-01-19,MX-TOL,SKU-danone-familiar-con-trozos-de-mango,baseline_moving_avg_14d,1082,6291,5.81,0.05
2026-01-20,MX-TOL,SKU-danone-familiar-con-trozos-de-mango,baseline_moving_avg_14d,1082,6183,5.71,0.05
2026-01-21,MX-TOL,SKU-danone-familiar-con-trozos-de-mango,baseline_moving_avg_14d,1082,6075,5.61,0.05
2026-01-22,MX-TOL,SKU-danone-familiar-con-trozos-de-mango,baseline_moving_avg_14d,1082,5967,5.51,0.05
2026-01-16,MX-TOL,SKU-danone-familiar-con-trozos-de-manzana,baseline_moving_avg_14d,5570,13574,2.44,0.51
2026-01-17,MX-TOL,SKU-danone-familiar-con-trozos-de-manzana,baseline_moving_avg_14d,5570,13017,2.34,0.53
2026-01-18,MX-TOL,SKU-danone-familiar-con-trozos-de-manzana,baseline_moving_avg_14d,5570,12460,2.24,0.55
2026-01-19,MX-TOL,SKU-danone-familiar-con-trozos-de-manzana,baseline_moving_avg_14d,5570,11903,2.14,0.57
2026-01-20,MX-TOL,SKU-danone-familiar-con-trozos-de-manzana,baseline_moving_avg_14d,5570,11346,2.04,0.59
2026-01-21,MX-TOL,SKU-danone-familiar-con-trozos-de-manzana,baseline_moving_avg_14d,5570,10789,1.94,0.61
2026-01-22,MX-TOL,SKU-danone-familiar-con-trozos-de-manzana,baseline_moving_avg_14d,5570,10232,1.84,0.63
2026-01-16,MX-TOL,SKU-danone-familiar-con-trozos-de-pina-y-coc,baseline_moving_avg_14d,4937,66929,13.56,0.05
2026-01-17,MX-TOL,SKU-danone-familiar-con-trozos-de-pina-y-coc,baseline_moving_avg_14d,4937,66435,13.46,0.05
2026-01-18,MX-TOL,SKU-danone-familiar-con-trozos-de-pina-y-coc,baseline_moving_avg_14d,4937,65941,13.36,0.05
2026-01-19,MX-TOL,SKU-danone-familiar-con-trozos-de-pina-y-coc,baseline_moving_avg_14d,4937,65447,13.26,0.05
2026-01-20,MX-TOL,SKU-danone-familiar-con-trozos-de-pina-y-coc,baseline_moving_avg_14d,4937,64953,13.16,0.05
2026-01-21,MX-TOL,SKU-danone-familiar-con-trozos-de-pina-y-coc,baseline_moving_avg_14d,4937,64459,13.06,0.05
2026-01-22,MX-TOL,SKU-danone-familiar-con-trozos-de-pina-y-coc,baseline_moving_avg_14d,4937,63965,12.96,0.05
2026-01-16,MX-TOL,SKU-danone-familiar-miel-y-granola,baseline_moving_avg_14d,8932,64236,7.19,0.05
2026-01-17,MX-TOL,SKU-danone-familiar-miel-y-granola,baseline_moving_avg_14d,8932,63343,7.09,0.05
2026-01-18,MX-TOL,SKU-danone-familiar-miel-y-granola,baseline_moving_avg_14d,8932,62450,6.99,0.05
2026-01-19,MX-TOL,SKU-danone-familiar-miel-y-granola,baseline_moving_avg_14d,8932,61557,6.89,0.05
2026-01-20,MX-TOL,SKU-danone-familiar-miel-y-granola,baseline_moving_avg_14d,8932,60664,6.79,0.05
2026-01-21,MX-TOL,SKU-danone-familiar-miel-y-granola,baseline_moving_avg_14d,8932,59771,6.69,0.05
2026-01-22,MX-TOL,SKU-danone-familiar-miel-y-granola,baseline_moving_avg_14d,8932,58878,6.59,0.05
2026-01-16,MX-TOL,SKU-danone-familiar-sabor-durazno-sin-trozos,baseline_moving_avg_14d,2725,19666,7.22,0.05
2026-01-17,MX-TOL,SKU-danone-familiar-sabor-durazno-sin-trozos,baseline_moving_avg_14d,2725,19393,7.12,0.05
2026-01-18,MX-TOL,SKU-danone-familiar-sabor-durazno-sin-trozos,baseline_moving_avg_14d,2725,19120,7.02,0.05
2026-01-19,MX-TOL,SKU-danone-familiar-sabor-durazno-sin-trozos,baseline_moving_avg_14d,2725,18847,6.92,0.05
2026-01-20,MX-TOL,SKU-danone-familiar-sabor-durazno-sin-trozos,baseline_moving_avg_14d,2725,18574,6.82,0.05
2026-01-21,MX-TOL,SKU-danone-familiar-sabor-durazno-sin-trozos,baseline_moving_avg_14d,2725,18301,6.72,0.05
2026-01-22,MX-TOL,SKU-danone-familiar-sabor-durazno-sin-trozos,baseline_moving_avg_14d,2725,18028,6.62,0.05
2026-01-16,MX-TOL,SKU-danone-familiar-sabor-fresa-sin-trozos,baseline_moving_avg_14d,8404,110430,13.14,0.05
2026-01-17,MX-TOL,SKU-danone-familiar-sabor-fresa-sin-trozos,baseline_moving_avg_14d,8404,109590,13.04,0.05
2026-01-18,MX-TOL,SKU-danone-familiar-sabor-fresa-sin-trozos,baseline_moving_avg_14d,8404,108750,12.94,0.05
2026-01-19,MX-TOL,SKU-danone-familiar-sabor-fresa-sin-trozos,baseline_moving_avg_14d,8404,107910,12.84,0.05
2026-01-20,MX-TOL,SKU-danone-familiar-sabor-fresa-sin-trozos,baseline_moving_avg_14d,8404,107070,12.74,0.05
2026-01-21,MX-TOL,SKU-danone-familiar-sabor-fresa-sin-trozos,baseline_moving_avg_14d,8404,106230,12.64,0.05
2026-01-22,MX-TOL,SKU-danone-familiar-sabor-fresa-sin-trozos,baseline_moving_avg_14d,8404,105390,12.54,0.05
2026-01-16,MX-TOL,SKU-danone-familiar-sabor-manzana-sin-trozos,baseline_moving_avg_14d,9178,91932,10.02,0.05
2026-01-17,MX-TOL,SKU-danone-familiar-sabor-manzana-sin-trozos,baseline_moving_avg_14d,9178,91014,9.92,0.05
2026-01-18,MX-TOL,SKU-danone-familiar-sabor-manzana-sin-trozos,baseline_moving_avg_14d,9178,90096,9.82,0.05
2026-01-19,MX-TOL,SKU-danone-familiar-sabor-manzana-sin-trozos,baseline_moving_avg_14d,9178,89178,9.72,0.05
2026-01-20,MX-TOL,SKU-danone-familiar-sabor-manzana-sin-trozos,baseline_moving_avg_14d,9178,88260,9.62,0.05
2026-01-21,MX-TOL,SKU-danone-familiar-sabor-manzana-sin-trozos,baseline_moving_avg_14d,9178,87342,9.52,0.05
2026-01-22,MX-TOL,SKU-danone-familiar-sabor-manzana-sin-trozos,baseline_moving_avg_14d,9178,86424,9.42,0.05
2026-01-16,MX-TOL,SKU-danone-griego-endulzado,baseline_moving_avg_14d,7165,73527,10.26,0.05
2026-01-17,MX-TOL,SKU-danone-griego-endulzado,baseline_moving_avg_14d,7165,72810,10.16,0.05
2026-01-18,MX-TOL,SKU-danone-griego-endulzado,baseline_moving_avg_14d,7165,72093,10.06,0.05
2026-01-19,MX-TOL,SKU-danone-griego-endulzado,baseline_moving_avg_14d,7165,71376,9.96,0.05
2026-01-20,MX-TOL,SKU-danone-griego-endulzado,baseline_moving_avg_14d,7165,70659,9.86,0.05
2026-01-21,MX-TOL,SKU-danone-griego-endulzado,baseline_moving_avg_14d,7165,69942,9.76,0.05
2026-01-22,MX-TOL,SKU-danone-griego-endulzado,baseline_moving_avg_14d,7165,69225,9.66,0.05
2026-01-16,MX-TOL,SKU-danone-griego-sin-azucar,baseline_moving_avg_14d,3814,31815,8.34,0.05
2026-01-17,MX-TOL,SKU-danone-griego-sin-azucar,baseline_moving_avg_14d,3814,31434,8.24,0.05
2026-01-18,MX-TOL,SKU-danone-griego-sin-azucar,baseline_moving_avg_14d,3814,31053,8.14,0.05
2026-01-19,MX-TOL,SKU-danone-griego-sin-azucar,baseline_moving_avg_14d,3814,30672,8.04,0.05
2026-01-20,MX-TOL,SKU-danone-griego-sin-azucar,baseline_moving_avg_14d,3814,30291,7.94,0.05
2026-01-21,MX-TOL,SKU-danone-griego-sin-azucar,baseline_moving_avg_14d,3814,29910,7.84,0.05
2026-01-22,MX-TOL,SKU-danone-griego-sin-azucar,baseline_moving_avg_14d,3814,29529,7.74,0.05
2026-01-16,MX-TOL,SKU-danone-natural-con-fermentos,baseline_moving_avg_14d,5585,68320,12.23,0.05
2026-01-17,MX-TOL,SKU-danone-natural-con-fermentos,baseline_moving_avg_14d,5585,67761,12.13,0.05
2026-01-18,MX-TOL,SKU-danone-natural-con-fermentos,baseline_moving_avg_14d,5585,67202,12.03,0.05
2026-01-19,MX-TOL,SKU-danone-natural-con-fermentos,baseline_moving_avg_14d,5585,66643,11.93,0.05
2026-01-20,MX-TOL,SKU-danone-natural-con-fermentos,baseline_moving_avg_14d,5585,66084,11.83,0.05
2026-01-21,MX-TOL,SKU-danone-natural-con-fermentos,baseline_moving_avg_14d,5585,65525,11.73,0.05
2026-01-22,MX-TOL,SKU-danone-natural-con-fermentos,baseline_moving_avg_14d,5585,64966,11.63,0.05
2026-01-16,MX-TOL,SKU-danone-natural-con-miel,baseline_moving_avg_14d,4187,64397,15.38,0.05
2026-01-17,MX-TOL,SKU-danone-natural-con-miel,baseline_moving_avg_14d,4187,63978,15.28,0.05
2026-01-18,MX-TOL,SKU-danone-natural-con-miel,baseline_moving_avg_14d,4187,63559,15.18,0.05
2026-01-19,MX-TOL,SKU-danone-natural-con-miel,baseline_moving_avg_14d,4187,63140,15.08,0.05
2026-01-20,MX-TOL,SKU-danone-natural-con-miel,baseline_moving_avg_14d,4187,62721,14.98,0.05
2026-01-21,MX-TOL,SKU-danone-natural-con-miel,baseline_moving_avg_14d,4187,62302,14.88,0.05
2026-01-22,MX-TOL,SKU-danone-natural-con-miel,baseline_moving_avg_14d,4187,61883,14.78,0.05
2026-01-16,MX-TOL,SKU-danone-natural-familiar-sin-azucar,baseline_moving_avg_14d,11028,127229,11.54,0.05
2026-01-17,MX-TOL,SKU-danone-natural-familiar-sin-azucar,baseline_moving_avg_14d,11028,126126,11.44,0.05
2026-01-18,MX-TOL,SKU-danone-natural-familiar-sin-azucar,baseline_moving_avg_14d,11028,125023,11.34,0.05
2026-01-19,MX-TOL,SKU-danone-natural-familiar-sin-azucar,baseline_moving_avg_14d,11028,123920,11.24,0.05
2026-01-20,MX-TOL,SKU-danone-natural-familiar-sin-azucar,baseline_moving_avg_14d,11028,122817,11.14,0.05
2026-01-21,MX-TOL,SKU-danone-natural-familiar-sin-azucar,baseline_moving_avg_14d,11028,121714,11.04,0.05
2026-01-22,MX-TOL,SKU-danone-natural-familiar-sin-azucar,baseline_moving_avg_14d,11028,120611,10.94,0.05
2026-01-16,MX-TOL,SKU-licuado-de-fresa-y-platano-con-cereales,baseline_moving_avg_14d,2925,8437,2.88,0.42
2026-01-17,MX-TOL,SKU-licuado-de-fresa-y-platano-con-cereales,baseline_moving_avg_14d,2925,8144,2.78,0.44
2026-01-18,MX-TOL,SKU-licuado-de-fresa-y-platano-con-cereales,baseline_moving_avg_14d,2925,7851,2.68,0.46
2026-01-19,MX-TOL,SKU-licuado-de-fresa-y-platano-con-cereales,baseline_moving_avg_14d,2925,7558,2.58,0.48
2026-01-20,MX-TOL,SKU-licuado-de-fresa-y-platano-con-cereales,baseline_moving_avg_14d,2925,7265,2.48,0.5
2026-01-21,MX-TOL,SKU-licuado-de-fresa-y-platano-con-cereales,baseline_moving_avg_14d,2925,6972,2.38,0.52
2026-01-22,MX-TOL,SKU-licuado-de-fresa-y-platano-con-cereales,baseline_moving_avg_14d,2925,6679,2.28,0.54
2026-01-16,MX-TOL,SKU-licuado-de-nuez-con-cereales,baseline_moving_avg_14d,9269,83205,8.98,0.05
2026-01-17,MX-TOL,SKU-licuado-de-nuez-con-cereales,baseline_moving_avg_14d,9269,82278,8.88,0.05
2026-01-18,MX-TOL,SKU-licuado-de-nuez-con-cereales,baseline_moving_avg_14d,9269,81351,8.78,0.05
2026-01-19,MX-TOL,SKU-licuado-de-nuez-con-cereales,baseline_moving_avg_14d,9269,80424,8.68,0.05
2026-01-20,MX-TOL,SKU-licuado-de-nuez-con-cereales,baseline_moving_avg_14d,9269,79497,8.58,0.05
2026-01-21,MX-TOL,SKU-licuado-de-nuez-con-cereales,baseline_moving_avg_14d,9269,78570,8.48,0.05
2026-01-22,MX-TOL,SKU-licuado-de-nuez-con-cereales,baseline_moving_avg_14d,9269,77643,8.38,0.05
2026-01-16,MX-TOL,SKU-yoghurt-con-cereal-de-fresa-con-azucarad,baseline_moving_avg_14d,2742,19616,7.15,0.05
2026-01-17,MX-TOL,SKU-yoghurt-con-cereal-de-fresa-con-azucarad,baseline_moving_avg_14d,2742,19342,7.05,0.05
2026-01-18,MX-TOL,SKU-yoghurt-con-cereal-de-fresa-con-azucarad,baseline_moving_avg_14d,2742,19068,6.95,0.05
2026-01-19,MX-TOL,SKU-yoghurt-con-cereal-de-fresa-con-azucarad,baseline_moving_avg_14d,2742,18794,6.85,0.05
2026-01-20,MX-TOL,SKU-yoghurt-con-cereal-de-fresa-con-azucarad,baseline_moving_avg_14d,2742,18520,6.75,0.05
2026-01-21,MX-TOL,SKU-yoghurt-con-cereal-de-fresa-con-azucarad,baseline_moving_avg_14d,2742,18246,6.65,0.05
2026-01-22,MX-TOL,SKU-yoghurt-con-cereal-de-fresa-con-azucarad,baseline_moving_avg_14d,2742,17972,6.55,0.05
2026-01-16,MX-TOL,SKU-yoghurt-con-cereal-de-fresa-con-chocoarr,baseline_moving_avg_14d,2504,30820,12.31,0.05
2026-01-17,MX-TOL,SKU-yoghurt-con-cereal-de-fresa-con-chocoarr,baseline_moving_avg_14d,2504,30570,12.21,0.05
2026-01-18,MX-TOL,SKU-yoghurt-con-cereal-de-fresa-con-chocoarr,baseline_moving_avg_14d,2504,30320,12.11,0.05
2026-01-19,MX-TOL,SKU-yoghurt-con-cereal-de-fresa-con-chocoarr,baseline_moving_avg_14d,2504,30070,12.01,0.05
2026-01-20,MX-TOL,SKU-yoghurt-con-cereal-de-fresa-con-chocoarr,baseline_moving_avg_14d,2504,29820,11.91,0.05
2026-01-21,MX-TOL,SKU-yoghurt-con-cereal-de-fresa-con-chocoarr,baseline_moving_avg_14d,2504,29570,11.81,0.05
2026-01-22,MX-TOL,SKU-yoghurt-con-cereal-de-fresa-con-chocoarr,baseline_moving_avg_14d,2504,29320,11.71,0.05
2026-01-16,MX-TOL,SKU-yoghurt-con-cereal-de-manzana-con-frutia,baseline_moving_avg_14d,7232,53001,7.33,0.05
2026-01-17,MX-TOL,SKU-yoghurt-con-cereal-de-manzana-con-frutia,baseline_moving_avg_14d,7232,52278,7.23,0.05
2026-01-18,MX-TOL,SKU-yoghurt-con-cereal-de-manzana-con-frutia,baseline_moving_avg_14d,7232,51555,7.13,0.05
2026-01-19,MX-TOL,SKU-yoghurt-con-cereal-de-manzana-con-frutia,baseline_moving_avg_14d,7232,50832,7.03,0.05
2026-01-20,MX-TOL,SKU-yoghurt-con-cereal-de-manzana-con-frutia,baseline_moving_avg_14d,7232,50109,6.93,0.05
2026-01-21,MX-TOL,SKU-yoghurt-con-cereal-de-manzana-con-frutia,baseline_moving_avg_14d,7232,49386,6.83,0.05
2026-01-22,MX-TOL,SKU-yoghurt-con-cereal-de-manzana-con-frutia,baseline_moving_avg_14d,7232,48663,6.73,0.05
2026-01-16,MX-TOL,SKU-yoghurt-con-cereal-de-vainilla-con-hojue,baseline_moving_avg_14d,957,6318,6.6,0.05
2026-01-17,MX-TOL,SKU-yoghurt-con-cereal-de-vainilla-con-hojue,baseline_moving_avg_14d,957,6222,6.5,0.05
2026-01-18,MX-TOL,SKU-yoghurt-con-cereal-de-vainilla-con-hojue,baseline_moving_avg_14d,957,6126,6.4,0.05
2026-01-19,MX-TOL,SKU-yoghurt-con-cereal-de-vainilla-con-hojue,baseline_moving_avg_14d,957,6030,6.3,0.05
2026-01-20,MX-TOL,SKU-yoghurt-con-cereal-de-vainilla-con-hojue,baseline_moving_avg_14d,957,5934,6.2,0.05
2026-01-21,MX-TOL,SKU-yoghurt-con-cereal-de-vainilla-con-hojue,baseline_moving_avg_14d,957,5838,6.1,0.05
2026-01-22,MX-TOL,SKU-yoghurt-con-cereal-de-vainilla-con-hojue,baseline_moving_avg_14d,957,5742,6.0,0.05
2026-01-16,MX-VMX,SKU-danone-bebible-de-fresa-deslactosado,baseline_moving_avg_14d,10573,143304,13.55,0.05
2026-01-17,MX-VMX,SKU-danone-bebible-de-fresa-deslactosado,baseline_moving_avg_14d,10573,142247,13.45,0.05
2026-01-18,MX-VMX,SKU-danone-bebible-de-fresa-deslactosado,baseline_moving_avg_14d,10573,141190,13.35,0.05
2026-01-19,MX-VMX,SKU-danone-bebible-de-fresa-deslactosado,baseline_moving_avg_14d,10573,140133,13.25,0.05
2026-01-20,MX-VMX,SKU-danone-bebible-de-fresa-deslactosado,baseline_moving_avg_14d,10573,139076,13.15,0.05
2026-01-21,MX-VMX,SKU-danone-bebible-de-fresa-deslactosado,baseline_moving_avg_14d,10573,138019,13.05,0.05
2026-01-22,MX-VMX,SKU-danone-bebible-de-fresa-deslactosado,baseline_moving_avg_14d,10573,136962,12.95,0.05
2026-01-16,MX-VMX,SKU-danone-bebible-de-frutos-verdes-deslacto,baseline_moving_avg_14d,9670,25492,2.64,0.47
2026-01-17,MX-VMX,SKU-danone-bebible-de-frutos-verdes-deslacto,baseline_moving_avg_14d,9670,24525,2.54,0.49
2026-01-18,MX-VMX,SKU-danone-bebible-de-frutos-verdes-deslacto,baseline_moving_avg_14d,9670,23558,2.44,0.51
2026-01-19,MX-VMX,SKU-danone-bebible-de-frutos-verdes-deslacto,baseline_moving_avg_14d,9670,22591,2.34,0.53
2026-01-20,MX-VMX,SKU-danone-bebible-de-frutos-verdes-deslacto,baseline_moving_avg_14d,9670,21624,2.24,0.55
2026-01-21,MX-VMX,SKU-danone-bebible-de-frutos-verdes-deslacto,baseline_moving_avg_14d,9670,20657,2.14,0.57
2026-01-22,MX-VMX,SKU-danone-bebible-de-frutos-verdes-deslacto,baseline_moving_avg_14d,9670,19690,2.04,0.59
2026-01-16,MX-VMX,SKU-danone-bebible-de-mango-y-durazno-deslac,baseline_moving_avg_14d,9459,64487,6.82,0.05
2026-01-17,MX-VMX,SKU-danone-bebible-de-mango-y-durazno-deslac,baseline_moving_avg_14d,9459,63541,6.72,0.05
2026-01-18,MX-VMX,SKU-danone-bebible-de-mango-y-durazno-deslac,baseline_moving_avg_14d,9459,62595,6.62,0.05
2026-01-19,MX-VMX,SKU-danone-bebible-de-mango-y-durazno-deslac,baseline_moving_avg_14d,9459,61649,6.52,0.05
2026-01-20,MX-VMX,SKU-danone-bebible-de-mango-y-durazno-deslac,baseline_moving_avg_14d,9459,60703,6.42,0.05
2026-01-21,MX-VMX,SKU-danone-bebible-de-mango-y-durazno-deslac,baseline_moving_avg_14d,9459,59757,6.32,0.05
2026-01-22,MX-VMX,SKU-danone-bebible-de-mango-y-durazno-deslac,baseline_moving_avg_14d,9459,58811,6.22,0.05
2026-01-16,MX-VMX,SKU-danone-bebible-natural-deslactosado,baseline_moving_avg_14d,5854,55505,9.48,0.05
2026-01-17,MX-VMX,SKU-danone-bebible-natural-deslactosado,baseline_moving_avg_14d,5854,54920,9.38,0.05
2026-01-18,MX-VMX,SKU-danone-bebible-natural-deslactosado,baseline_moving_avg_14d,5854,54335,9.28,0.05
2026-01-19,MX-VMX,SKU-danone-bebible-natural-deslactosado,baseline_moving_avg_14d,5854,53750,9.18,0.05
2026-01-20,MX-VMX,SKU-danone-bebible-natural-deslactosado,baseline_moving_avg_14d,5854,53165,9.08,0.05
2026-01-21,MX-VMX,SKU-danone-bebible-natural-deslactosado,baseline_moving_avg_14d,5854,52580,8.98,0.05
2026-01-22,MX-VMX,SKU-danone-bebible-natural-deslactosado,baseline_moving_avg_14d,5854,51995,8.88,0.05
2026-01-16,MX-VMX,SKU-danone-familiar-coco-y-nuez-con-cereal,baseline_moving_avg_14d,896,4552,5.08,0.05
2026-01-17,MX-VMX,SKU-danone-familiar-coco-y-nuez-con-cereal,baseline_moving_avg_14d,896,4462,4.98,0.05
2026-01-18,MX-VMX,SKU-danone-familiar-coco-y-nuez-con-cereal,baseline_moving_avg_14d,896,4372,4.88,0.05
2026-01-19,MX-VMX,SKU-danone-familiar-coco-y-nuez-con-cereal,baseline_moving_avg_14d,896,4282,4.78,0.05
2026-01-20,MX-VMX,SKU-danone-familiar-coco-y-nuez-con-cereal,baseline_moving_avg_14d,896,4192,4.68,0.06
2026-01-21,MX-VMX,SKU-danone-familiar-coco-y-nuez-con-cereal,baseline_moving_avg_14d,896,4102,4.58,0.08
2026-01-22,MX-VMX,SKU-danone-familiar-coco-y-nuez-con-cereal,baseline_moving_avg_14d,896,4012,4.48,0.1
2026-01-16,MX-VMX,SKU-danone-familiar-con-trozos-de-durazno,baseline_moving_avg_14d,8650,97285,11.25,0.05
2026-01-17,MX-VMX,SKU-danone-familiar-con-trozos-de-durazno,baseline_moving_avg_14d,8650,96420,11.15,0.05
2026-01-18,MX-VMX,SKU-danone-familiar-con-trozos-de-durazno,baseline_moving_avg_14d,8650,95555,11.05,0.05
2026-01-19,MX-VMX,SKU-danone-familiar-con-trozos-de-durazno,baseline_moving_avg_14d,8650,94690,10.95,0.05
2026-01-20,MX-VMX,SKU-danone-familiar-con-trozos-de-durazno,baseline_moving_avg_14d,8650,93825,10.85,0.05
2026-01-21,MX-VMX,SKU-danone-familiar-con-trozos-de-durazno,baseline_moving_avg_14d,8650,92960,10.75,0.05
2026-01-22,MX-VMX,SKU-danone-familiar-con-trozos-de-durazno,baseline_moving_avg_14d,8650,92095,10.65,0.05
2026-01-16,MX-VMX,SKU-danone-familiar-con-trozos-de-fresa-y-mo,baseline_moving_avg_14d,1285,22172,17.25,0.05
2026-01-17,MX-VMX,SKU-danone-familiar-con-trozos-de-fresa-y-mo,baseline_moving_avg_14d,1285,22043,17.15,0.05
2026-01-18,MX-VMX,SKU-danone-familiar-con-trozos-de-fresa-y-mo,baseline_moving_avg_14d,1285,21914,17.05,0.05
2026-01-19,MX-VMX,SKU-danone-familiar-con-trozos-de-fresa-y-mo,baseline_moving_avg_14d,1285,21785,16.95,0.05
2026-01-20,MX-VMX,SKU-danone-familiar-con-trozos-de-fresa-y-mo,baseline_moving_avg_14d,1285,21656,16.85,0.05
2026-01-21,MX-VMX,SKU-danone-familiar-con-trozos-de-fresa-y-mo,baseline_moving_avg_14d,1285,21527,16.75,0.05
2026-01-22,MX-VMX,SKU-danone-familiar-con-trozos-de-fresa-y-mo,baseline_moving_avg_14d,1285,21398,16.65,0.05
2026-01-16,MX-VMX,SKU-danone-familiar-con-trozos-de-mango,baseline_moving_avg_14d,12666,119899,9.47,0.05
2026-01-17,MX-VMX,SKU-danone-familiar-con-trozos-de-mango,baseline_moving_avg_14d,12666,118632,9.37,0.05
2026-01-18,MX-VMX,SKU-danone-familiar-con-trozos-de-mango,baseline_moving_avg_14d,12666,117365,9.27,0.05
2026-01-19,MX-VMX,SKU-danone-familiar-con-trozos-de-mango,baseline_moving_avg_14d,12666,116098,9.17,0.05
2026-01-20,MX-VMX,SKU-danone-familiar-con-trozos-de-mango,baseline_moving_avg_14d,12666,114831,9.07,0.05
2026-01-21,MX-VMX,SKU-danone-familiar-con-trozos-de-mango,baseline_moving_avg_14d,12666,113564,8.97,0.05
2026-01-22,MX-VMX,SKU-danone-familiar-con-trozos-de-mango,baseline_moving_avg_14d,12666,112297,8.87,0.05
2026-01-16,MX-VMX,SKU-danone-familiar-con-trozos-de-manzana,baseline_moving_avg_14d,4478,37187,8.3,0.05
2026-01-17,MX-VMX,SKU-danone-familiar-con-trozos-de-manzana,baseline_moving_avg_14d,4478,36739,8.2,0.05
2026-01-18,MX-VMX,SKU-danone-familiar-con-trozos-de-manzana,baseline_moving_avg_14d,4478,36291,8.1,0.05
2026-01-19,MX-VMX,SKU-danone-familiar-con-trozos-de-manzana,baseline_moving_avg_14d,4478,35843,8.0,0.05
2026-01-20,MX-VMX,SKU-danone-familiar-con-trozos-de-manzana,baseline_moving_avg_14d,4478,35395,7.9,0.05
2026-01-21,MX-VMX,SKU-danone-familiar-con-trozos-de-manzana,baseline_moving_avg_14d,4478,34947,7.8,0.05
2026-01-22,MX-VMX,SKU-danone-familiar-con-trozos-de-manzana,baseline_moving_avg_14d,4478,34499,7.7,0.05
2026-01-16,MX-VMX,SKU-danone-familiar-con-trozos-de-pina-y-coc,baseline_moving_avg_14d,5556,75238,13.54,0.05
2026-01-17,MX-VMX,SKU-danone-familiar-con-trozos-de-pina-y-coc,baseline_moving_avg_14d,5556,74682,13.44,0.05
2026-01-18,MX-VMX,SKU-danone-familiar-con-trozos-de-pina-y-coc,baseline_moving_avg_14d,5556,74126,13.34,0.05
2026-01-19,MX-VMX,SKU-danone-familiar-con-trozos-de-pina-y-coc,baseline_moving_avg_14d,5556,73570,13.24,0.05
2026-01-20,MX-VMX,SKU-danone-familiar-con-trozos-de-pina-y-coc,baseline_moving_avg_14d,5556,73014,13.14,0.05
2026-01-21,MX-VMX,SKU-danone-familiar-con-trozos-de-pina-y-coc,baseline_moving_avg_14d,5556,72458,13.04,0.05
2026-01-22,MX-VMX,SKU-danone-familiar-con-trozos-de-pina-y-coc,baseline_moving_avg_14d,5556,71902,12.94,0.05
2026-01-16,MX-VMX,SKU-danone-familiar-miel-y-granola,baseline_moving_avg_14d,5054,42736,8.46,0.05
2026-01-17,MX-VMX,SKU-danone-familiar-miel-y-granola,baseline_moving_avg_14d,5054,42231,8.36,0.05
2026-01-18,MX-VMX,SKU-danone-familiar-miel-y-granola,baseline_moving_avg_14d,5054,41726,8.26,0.05
2026-01-19,MX-VMX,SKU-danone-familiar-miel-y-granola,baseline_moving_avg_14d,5054,41221,8.16,0.05
2026-01-20,MX-VMX,SKU-danone-familiar-miel-y-granola,baseline_moving_avg_14d,5054,40716,8.06,0.05
2026-01-21,MX-VMX,SKU-danone-familiar-miel-y-granola,baseline_moving_avg_14d,5054,40211,7.96,0.05
2026-01-22,MX-VMX,SKU-danone-familiar-miel-y-granola,baseline_moving_avg_14d,5054,39706,7.86,0.05
2026-01-16,MX-VMX,SKU-danone-familiar-sabor-durazno-sin-trozos,baseline_moving_avg_14d,8737,100332,11.48,0.05
2026-01-17,MX-VMX,SKU-danone-familiar-sabor-durazno-sin-trozos,baseline_moving_avg_14d,8737,99458,11.38,0.05
2026-01-18,MX-VMX,SKU-danone-familiar-sabor-durazno-sin-trozos,baseline_moving_avg_14d,8737,98584,11.28,0.05
2026-01-19,MX-VMX,SKU-danone-familiar-sabor-durazno-sin-trozos,baseline_moving_avg_14d,8737,97710,11.18,0.05
2026-01-20,MX-VMX,SKU-danone-familiar-sabor-durazno-sin-trozos,baseline_moving_avg_14d,8737,96836,11.08,0.05
2026-01-21,MX-VMX,SKU-danone-familiar-sabor-durazno-sin-trozos,baseline_moving_avg_14d,8737,95962,10.98,0.05
2026-01-22,MX-VMX,SKU-danone-familiar-sabor-durazno-sin-trozos,baseline_moving_avg_14d,8737,95088,10.88,0.05
2026-01-16,MX-VMX,SKU-danone-familiar-sabor-fresa-sin-trozos,baseline_moving_avg_14d,6367,86032,13.51,0.05
2026-01-17,MX-VMX,SKU-danone-familiar-sabor-fresa-sin-trozos,baseline_moving_avg_14d,6367,85395,13.41,0.05
2026-01-18,MX-VMX,SKU-danone-familiar-sabor-fresa-sin-trozos,baseline_moving_avg_14d,6367,84758,13.31,0.05
2026-01-19,MX-VMX,SKU-danone-familiar-sabor-fresa-sin-trozos,baseline_moving_avg_14d,6367,84121,13.21,0.05
2026-01-20,MX-VMX,SKU-danone-familiar-sabor-fresa-sin-trozos,baseline_moving_avg_14d,6367,83484,13.11,0.05
2026-01-21,MX-VMX,SKU-danone-familiar-sabor-fresa-sin-trozos,baseline_moving_avg_14d,6367,82847,13.01,0.05
2026-01-22,MX-VMX,SKU-danone-familiar-sabor-fresa-sin-trozos,baseline_moving_avg_14d,6367,82210,12.91,0.05
2026-01-16,MX-VMX,SKU-danone-familiar-sabor-manzana-sin-trozos,baseline_moving_avg_14d,5401,83558,15.47,0.05
2026-01-17,MX-VMX,SKU-danone-familiar-sabor-manzana-sin-trozos,baseline_moving_avg_14d,5401,83018,15.37,0.05
2026-01-18,MX-VMX,SKU-danone-familiar-sabor-manzana-sin-trozos,baseline_moving_avg_14d,5401,82478,15.27,0.05
2026-01-19,MX-VMX,SKU-danone-familiar-sabor-manzana-sin-trozos,baseline_moving_avg_14d,5401,81938,15.17,0.05
2026-01-20,MX-VMX,SKU-danone-familiar-sabor-manzana-sin-trozos,baseline_moving_avg_14d,5401,81398,15.07,0.05
2026-01-21,MX-VMX,SKU-danone-familiar-sabor-manzana-sin-trozos,baseline_moving_avg_14d,5401,80858,14.97,0.05
2026-01-22,MX-VMX,SKU-danone-familiar-sabor-manzana-sin-trozos,baseline_moving_avg_14d,5401,80318,14.87,0.05
2026-01-16,MX-VMX,SKU-danone-griego-endulzado,baseline_moving_avg_14d,4428,40739,9.2,0.05
2026-01-17,MX-VMX,SKU-danone-griego-endulzado,baseline_moving_avg_14d,4428,40296,9.1,0.05
2026-01-18,MX-VMX,SKU-danone-griego-endulzado,baseline_moving_avg_14d,4428,39853,9.0,0.05
2026-01-19,MX-VMX,SKU-danone-griego-endulzado,baseline_moving_avg_14d,4428,39410,8.9,0.05
2026-01-20,MX-VMX,SKU-danone-griego-endulzado,baseline_moving_avg_14d,4428,38967,8.8,0.05
2026-01-21,MX-VMX,SKU-danone-griego-endulzado,baseline_moving_avg_14d,4428,38524,8.7,0.05
2026-01-22,MX-VMX,SKU-danone-griego-endulzado,baseline_moving_avg_14d,4428,38081,8.6,0.05
2026-01-16,MX-VMX,SKU-danone-griego-sin-azucar,baseline_moving_avg_14d,1627,9753,5.99,0.05
2026-01-17,MX-VMX,SKU-danone-griego-sin-azucar,baseline_moving_avg_14d,1627,9590,5.89,0.05
2026-01-18,MX-VMX,SKU-danone-griego-sin-azucar,baseline_moving_avg_14d,1627,9427,5.79,0.05
2026-01-19,MX-VMX,SKU-danone-griego-sin-azucar,baseline_moving_avg_14d,1627,9264,5.69,0.05
2026-01-20,MX-VMX,SKU-danone-griego-sin-azucar,baseline_moving_avg_14d,1627,9101,5.59,0.05
2026-01-21,MX-VMX,SKU-danone-griego-sin-azucar,baseline_moving_avg_14d,1627,8938,5.49,0.05
2026-01-22,MX-VMX,SKU-danone-griego-sin-azucar,baseline_moving_avg_14d,1627,8775,5.39,0.05
2026-01-16,MX-VMX,SKU-danone-natural-con-fermentos,baseline_moving_avg_14d,4008,44072,11.0,0.05
2026-01-17,MX-VMX,SKU-danone-natural-con-fermentos,baseline_moving_avg_14d,4008,43671,10.9,0.05
2026-01-18,MX-VMX,SKU-danone-natural-con-fermentos,baseline_moving_avg_14d,4008,43270,10.8,0.05
2026-01-19,MX-VMX,SKU-danone-natural-con-fermentos,baseline_moving_avg_14d,4008,42869,10.7,0.05
2026-01-20,MX-VMX,SKU-danone-natural-con-fermentos,baseline_moving_avg_14d,4008,42468,10.6,0.05
2026-01-21,MX-VMX,SKU-danone-natural-con-fermentos,baseline_moving_avg_14d,4008,42067,10.5,0.05
2026-01-22,MX-VMX,SKU-danone-natural-con-fermentos,baseline_moving_avg_14d,4008,41666,10.4,0.05
2026-01-16,MX-VMX,SKU-danone-natural-con-miel,baseline_moving_avg_14d,9969,98264,9.86,0.05
2026-01-17,MX-VMX,SKU-danone-natural-con-miel,baseline_moving_avg_14d,9969,97267,9.76,0.05
2026-01-18,MX-VMX,SKU-danone-natural-con-miel,baseline_moving_avg_14d,9969,96270,9.66,0.05
2026-01-19,MX-VMX,SKU-danone-natural-con-miel,baseline_moving_avg_14d,9969,95273,9.56,0.05
2026-01-20,MX-VMX,SKU-danone-natural-con-miel,baseline_moving_avg_14d,9969,94276,9.46,0.05
2026-01-21,MX-VMX,SKU-danone-natural-con-miel,baseline_moving_avg_14d,9969,93279,9.36,0.05
2026-01-22,MX-VMX,SKU-danone-natural-con-miel,baseline_moving_avg_14d,9969,92282,9.26,0.05
2026-01-16,MX-VMX,SKU-danone-natural-familiar-sin-azucar,baseline_moving_avg_14d,4351,56702,13.03,0.05
2026-01-17,MX-VMX,SKU-danone-natural-familiar-sin-azucar,baseline_moving_avg_14d,4351,56267,12.93,0.05
2026-01-18,MX-VMX,SKU-danone-natural-familiar-sin-azucar,baseline_moving_avg_14d,4351,55832,12.83,0.05
2026-01-19,MX-VMX,SKU-danone-natural-familiar-sin-azucar,baseline_moving_avg_14d,4351,55397,12.73,0.05
2026-01-20,MX-VMX,SKU-danone-natural-familiar-sin-azucar,baseline_moving_avg_14d,4351,54962,12.63,0.05
2026-01-21,MX-VMX,SKU-danone-natural-familiar-sin-azucar,baseline_moving_avg_14d,4351,54527,12.53,0.05
2026-01-22,MX-VMX,SKU-danone-natural-familiar-sin-azucar,baseline_moving_avg_14d,4351,54092,12.43,0.05
2026-01-16,MX-VMX,SKU-licuado-de-fresa-y-platano-con-cereales,baseline_moving_avg_14d,3880,68222,17.58,0.05
2026-01-17,MX-VMX,SKU-licuado-de-fresa-y-platano-con-cereales,baseline_moving_avg_14d,3880,67834,17.48,0.05
2026-01-18,MX-VMX,SKU-licuado-de-fresa-y-platano-con-cereales,baseline_moving_avg_14d,3880,67446,17.38,0.05
2026-01-19,MX-VMX,SKU-licuado-de-fresa-y-platano-con-cereales,baseline_moving_avg_14d,3880,67058,17.28,0.05
2026-01-20,MX-VMX,SKU-licuado-de-fresa-y-platano-con-cereales,baseline_moving_avg_14d,3880,66670,17.18,0.05
2026-01-21,MX-VMX,SKU-licuado-de-fresa-y-platano-con-cereales,baseline_moving_avg_14d,3880,66282,17.08,0.05
2026-01-22,MX-VMX,SKU-licuado-de-fresa-y-platano-con-cereales,baseline_moving_avg_14d,3880,65894,16.98,0.05
2026-01-16,MX-VMX,SKU-licuado-de-nuez-con-cereales,baseline_moving_avg_14d,3013,54201,17.99,0.05
2026-01-17,MX-VMX,SKU-licuado-de-nuez-con-cereales,baseline_moving_avg_14d,3013,53900,17.89,0.05
2026-01-18,MX-VMX,SKU-licuado-de-nuez-con-cereales,baseline_moving_avg_14d,3013,53599,17.79,0.05
2026-01-19,MX-VMX,SKU-licuado-de-nuez-con-cereales,baseline_moving_avg_14d,3013,53298,17.69,0.05
2026-01-20,MX-VMX,SKU-licuado-de-nuez-con-cereales,baseline_moving_avg_14d,3013,52997,17.59,0.05
2026-01-21,MX-VMX,SKU-licuado-de-nuez-con-cereales,baseline_moving_avg_14d,3013,52696,17.49,0.05
2026-01-22,MX-VMX,SKU-licuado-de-nuez-con-cereales,baseline_moving_avg_14d,3013,52395,17.39,0.05
2026-01-16,MX-VMX,SKU-yoghurt-con-cereal-de-fresa-con-azucarad,baseline_moving_avg_14d,1196,7011,5.86,0.05
2026-01-17,MX-VMX,SKU-yoghurt-con-cereal-de-fresa-con-azucarad,baseline_moving_avg_14d,1196,6891,5.76,0.05
2026-01-18,MX-VMX,SKU-yoghurt-con-cereal-de-fresa-con-azucarad,baseline_moving_avg_14d,1196,6771,5.66,0.05
2026-01-19,MX-VMX,SKU-yoghurt-con-cereal-de-fresa-con-azucarad,baseline_moving_avg_14d,1196,6651,5.56,0.05
2026-01-20,MX-VMX,SKU-yoghurt-con-cereal-de-fresa-con-azucarad,baseline_moving_avg_14d,1196,6531,5.46,0.05
2026-01-21,MX-VMX,SKU-yoghurt-con-cereal-de-fresa-con-azucarad,baseline_moving_avg_14d,1196,6411,5.36,0.05
2026-01-22,MX-VMX,SKU-yoghurt-con-cereal-de-fresa-con-azucarad,baseline_moving_avg_14d,1196,6291,5.26,0.05
2026-01-16,MX-VMX,SKU-yoghurt-con-cereal-de-fresa-con-chocoarr,baseline_moving_avg_14d,9475,113026,11.93,0.05
2026-01-17,MX-VMX,SKU-yoghurt-con-cereal-de-fresa-con-chocoarr,baseline_moving_avg_14d,9475,112079,11.83,0.05
2026-01-18,MX-VMX,SKU-yoghurt-con-cereal-de-fresa-con-chocoarr,baseline_moving_avg_14d,9475,111132,11.73,0.05
2026-01-19,MX-VMX,SKU-yoghurt-con-cereal-de-fresa-con-chocoarr,baseline_moving_avg_14d,9475,110185,11.63,0.05
2026-01-20,MX-VMX,SKU-yoghurt-con-cereal-de-fresa-con-chocoarr,baseline_moving_avg_14d,9475,109238,11.53,0.05
2026-01-21,MX-VMX,SKU-yoghurt-con-cereal-de-fresa-con-chocoarr,baseline_moving_avg_14d,9475,108291,11.43,0.05
2026-01-22,MX-VMX,SKU-yoghurt-con-cereal-de-fresa-con-chocoarr,baseline_moving_avg_14d,9475,107344,11.33,0.05
2026-01-16,MX-VMX,SKU-yoghurt-con-cereal-de-manzana-con-frutia,baseline_moving_avg_14d,5234,7735,1.48,0.7
2026-01-17,MX-VMX,SKU-yoghurt-con-cereal-de-manzana-con-frutia,baseline_moving_avg_14d,5234,7212,1.38,0.72
2026-01-18,MX-VMX,SKU-yoghurt-con-cereal-de-manzana-con-frutia,baseline_moving_avg_14d,5234,6689,1.28,0.74
2026-01-19,MX-VMX,SKU-yoghurt-con-cereal-de-manzana-con-frutia,baseline_moving_avg_14d,5234,6166,1.18,0.76
2026-01-20,MX-VMX,SKU-yoghurt-con-cereal-de-manzana-con-frutia,baseline_moving_avg_14d,5234,5643,1.08,0.78
2026-01-21,MX-VMX,SKU-yoghurt-con-cereal-de-manzana-con-frutia,baseline_moving_avg_14d,5234,5120,0.98,0.8
2026-01-22,MX-VMX,SKU-yoghurt-con-cereal-de-manzana-con-frutia,baseline_moving_avg_14d,5234,4597,0.88,0.82
2026-01-16,MX-VMX,SKU-yoghurt-con-cereal-de-vainilla-con-hojue,baseline_moving_avg_14d,10482,82460,7.87,0.05
2026-01-17,MX-VMX,SKU-yoghurt-con-cereal-de-vainilla-con-hojue,baseline_moving_avg_14d,10482,81412,7.77,0.05
2026-01-18,MX-VMX,SKU-yoghurt-con-cereal-de-vainilla-con-hojue,baseline_moving_avg_14d,10482,80364,7.67,0.05
2026-01-19,MX-VMX,SKU-yoghurt-con-cereal-de-vainilla-con-hojue,baseline_moving_avg_14d,10482,79316,7.57,0.05
2026-01-20,MX-VMX,SKU-yoghurt-con-cereal-de-vainilla-con-hojue,baseline_moving_avg_14d,10482,78268,7.47,0.05
2026-01-21,MX-VMX,SKU-yoghurt-con-cereal-de-vainilla-con-hojue,baseline_moving_avg_14d,10482,77220,7.37,0.05
2026-01-22,MX-VMX,SKU-yoghurt-con-cereal-de-vainilla-con-hojue,baseline_moving_avg_14d,10482,76172,7.27,0.05
